type,n,k1,k2,gamma1,gamma2,MDS1,MDS2,pre_intersection,intersection,pre_union,union
ER+SF,1000,1.0,1.0,,2.0,645,833,535,550,943,928
ER+SF,1000,1.0,1.0,,2.1,645,830,535,554,940,921
ER+SF,1000,1.0,1.0,,2.2,645,804,518,537,931,912
ER+SF,1000,1.0,1.0,,2.3,645,782,502,517,925,910
ER+SF,1000,1.0,1.0,,2.4,645,771,501,522,915,894
ER+SF,1000,1.0,1.0,,2.5,645,751,484,502,912,894
ER+SF,1000,1.0,1.0,,2.6,645,727,473,492,899,880
ER+SF,1000,1.0,1.0,,2.7,645,717,468,486,894,876
ER+SF,1000,1.0,1.0,,2.8,645,714,463,483,896,876
ER+SF,1000,1.0,1.0,,2.9,645,702,449,467,898,880
ER+SF,1000,1.0,1.0,,3.0,645,705,471,490,879,860
ER+SF,1000,1.0,1.0,,3.1,645,688,448,472,885,861
ER+SF,1000,1.0,1.0,,3.2,645,700,451,472,894,873
ER+SF,1000,1.0,1.0,,3.3,645,686,455,471,876,860
ER+SF,1000,1.0,1.0,,3.4,645,678,448,462,875,861
ER+SF,1000,1.0,1.0,,3.5,645,678,439,457,884,866
ER+SF,1000,1.0,1.0,,3.6,645,659,441,461,863,843
ER+SF,1000,1.0,1.0,,3.7,645,677,439,460,883,862
ER+SF,1000,1.0,1.0,,3.8,645,680,433,454,892,871
ER+SF,1000,1.0,1.0,,3.9,645,671,431,454,885,862
ER+SF,1000,1.0,1.0,,4.0,645,680,442,462,883,863
ER+SF,1000,1.0,1.0,,4.1,645,675,434,454,886,866
ER+SF,1000,1.0,1.0,,4.2,645,671,424,445,892,871
ER+SF,1000,1.0,1.0,,4.3,645,665,435,462,875,848
ER+SF,1000,1.0,1.0,,4.4,645,665,436,458,874,852
ER+SF,1000,1.0,1.0,,4.5,645,665,430,457,880,853
ER+SF,1000,1.0,1.0,,4.6,645,654,421,442,878,857
ER+SF,1000,1.0,1.0,,4.7,645,656,431,448,870,853
ER+SF,1000,1.0,1.0,,4.8,645,665,440,462,870,848
ER+SF,1000,1.0,1.0,,4.9,645,668,431,451,882,862
ER+SF,1000,1.0,1.0,,5.0,645,664,432,452,877,857
ER+SF,1000,1.1,1.1,,2.0,629,840,530,553,939,916
ER+SF,1000,1.1,1.1,,2.1,629,821,513,539,937,911
ER+SF,1000,1.1,1.1,,2.2,629,791,497,518,923,902
ER+SF,1000,1.1,1.1,,2.3,629,773,489,504,913,898
ER+SF,1000,1.1,1.1,,2.4,629,741,470,490,900,880
ER+SF,1000,1.1,1.1,,2.5,629,734,462,486,901,877
ER+SF,1000,1.1,1.1,,2.6,629,716,449,472,896,873
ER+SF,1000,1.1,1.1,,2.7,629,689,434,456,884,862
ER+SF,1000,1.1,1.1,,2.8,629,709,447,470,891,868
ER+SF,1000,1.1,1.1,,2.9,629,684,433,456,880,857
ER+SF,1000,1.1,1.1,,3.0,629,683,441,456,871,856
ER+SF,1000,1.1,1.1,,3.1,629,680,433,461,876,848
ER+SF,1000,1.1,1.1,,3.2,629,659,421,440,867,848
ER+SF,1000,1.1,1.1,,3.3,629,651,403,430,877,850
ER+SF,1000,1.1,1.1,,3.4,629,666,421,446,874,849
ER+SF,1000,1.1,1.1,,3.5,629,672,419,447,882,854
ER+SF,1000,1.1,1.1,,3.6,629,648,406,430,871,847
ER+SF,1000,1.1,1.1,,3.7,629,656,407,429,878,856
ER+SF,1000,1.1,1.1,,3.8,629,655,419,438,865,846
ER+SF,1000,1.1,1.1,,3.9,629,650,429,451,850,828
ER+SF,1000,1.1,1.1,,4.0,629,654,427,450,856,833
ER+SF,1000,1.1,1.1,,4.1,629,652,412,434,869,847
ER+SF,1000,1.1,1.1,,4.2,629,640,409,435,860,834
ER+SF,1000,1.1,1.1,,4.3,629,648,404,423,873,854
ER+SF,1000,1.1,1.1,,4.4,629,651,408,430,872,850
ER+SF,1000,1.1,1.1,,4.5,629,637,404,435,862,831
ER+SF,1000,1.1,1.1,,4.6,629,643,408,429,864,843
ER+SF,1000,1.1,1.1,,4.7,629,652,414,431,867,850
ER+SF,1000,1.1,1.1,,4.8,629,635,396,418,868,846
ER+SF,1000,1.1,1.1,,4.9,629,642,410,438,861,833
ER+SF,1000,1.1,1.1,,5.0,629,632,387,410,874,851
ER+SF,1000,1.2,1.2,,2.0,612,833,510,526,935,919
ER+SF,1000,1.2,1.2,,2.1,612,796,485,506,923,902
ER+SF,1000,1.2,1.2,,2.2,612,781,478,500,915,893
ER+SF,1000,1.2,1.2,,2.3,612,757,463,484,906,885
ER+SF,1000,1.2,1.2,,2.4,612,736,448,471,900,877
ER+SF,1000,1.2,1.2,,2.5,612,701,425,458,888,855
ER+SF,1000,1.2,1.2,,2.6,612,699,428,458,883,853
ER+SF,1000,1.2,1.2,,2.7,612,683,416,445,879,850
ER+SF,1000,1.2,1.2,,2.8,612,677,405,438,884,851
ER+SF,1000,1.2,1.2,,2.9,612,667,406,428,873,851
ER+SF,1000,1.2,1.2,,3.0,612,655,396,428,871,839
ER+SF,1000,1.2,1.2,,3.1,612,658,397,422,873,848
ER+SF,1000,1.2,1.2,,3.2,612,655,390,423,877,844
ER+SF,1000,1.2,1.2,,3.3,612,653,401,436,864,829
ER+SF,1000,1.2,1.2,,3.4,612,637,381,411,868,838
ER+SF,1000,1.2,1.2,,3.5,612,636,391,427,857,821
ER+SF,1000,1.2,1.2,,3.6,612,634,378,417,868,829
ER+SF,1000,1.2,1.2,,3.7,612,627,385,414,854,825
ER+SF,1000,1.2,1.2,,3.8,612,654,407,437,859,829
ER+SF,1000,1.2,1.2,,3.9,612,644,396,424,860,832
ER+SF,1000,1.2,1.2,,4.0,612,624,380,412,856,824
ER+SF,1000,1.2,1.2,,4.1,612,625,379,413,858,824
ER+SF,1000,1.2,1.2,,4.2,612,632,385,415,859,829
ER+SF,1000,1.2,1.2,,4.3,612,629,376,407,865,834
ER+SF,1000,1.2,1.2,,4.4,612,616,365,399,863,829
ER+SF,1000,1.2,1.2,,4.5,612,636,396,422,852,826
ER+SF,1000,1.2,1.2,,4.6,612,616,376,402,852,826
ER+SF,1000,1.2,1.2,,4.7,612,623,374,401,861,834
ER+SF,1000,1.2,1.2,,4.8,612,598,353,377,857,833
ER+SF,1000,1.2,1.2,,4.9,612,616,374,406,854,822
ER+SF,1000,1.2,1.2,,5.0,612,608,375,406,845,814
ER+SF,1000,1.3,1.3,,2.0,572,820,456,481,936,911
ER+SF,1000,1.3,1.3,,2.1,572,792,456,480,908,884
ER+SF,1000,1.3,1.3,,2.2,572,752,433,455,891,869
ER+SF,1000,1.3,1.3,,2.3,572,729,416,442,885,859
ER+SF,1000,1.3,1.3,,2.4,572,723,415,437,880,858
ER+SF,1000,1.3,1.3,,2.5,572,699,407,427,864,844
ER+SF,1000,1.3,1.3,,2.6,572,692,384,418,880,846
ER+SF,1000,1.3,1.3,,2.7,572,671,383,415,860,828
ER+SF,1000,1.3,1.3,,2.8,572,649,364,396,857,825
ER+SF,1000,1.3,1.3,,2.9,572,660,374,408,858,824
ER+SF,1000,1.3,1.3,,3.0,572,641,381,399,832,814
ER+SF,1000,1.3,1.3,,3.1,572,633,352,385,853,820
ER+SF,1000,1.3,1.3,,3.2,572,626,361,391,837,807
ER+SF,1000,1.3,1.3,,3.3,572,623,350,380,845,815
ER+SF,1000,1.3,1.3,,3.4,572,617,338,368,851,821
ER+SF,1000,1.3,1.3,,3.5,572,617,354,381,835,808
ER+SF,1000,1.3,1.3,,3.6,572,608,347,380,833,800
ER+SF,1000,1.3,1.3,,3.7,572,616,349,375,839,813
ER+SF,1000,1.3,1.3,,3.8,572,619,355,384,836,807
ER+SF,1000,1.3,1.3,,3.9,572,608,355,378,825,802
ER+SF,1000,1.3,1.3,,4.0,572,598,329,371,841,799
ER+SF,1000,1.3,1.3,,4.1,572,596,338,368,830,800
ER+SF,1000,1.3,1.3,,4.2,572,602,337,374,837,800
ER+SF,1000,1.3,1.3,,4.3,572,597,343,378,826,791
ER+SF,1000,1.3,1.3,,4.4,572,608,360,390,820,790
ER+SF,1000,1.3,1.3,,4.5,572,603,343,374,832,801
ER+SF,1000,1.3,1.3,,4.6,572,596,343,372,825,796
ER+SF,1000,1.3,1.3,,4.7,572,591,354,375,809,788
ER+SF,1000,1.3,1.3,,4.8,572,599,327,364,844,807
ER+SF,1000,1.3,1.3,,4.9,572,585,328,360,829,797
ER+SF,1000,1.3,1.3,,5.0,572,592,345,368,819,796
ER+SF,1000,1.4,1.4,,2.0,562,814,461,482,915,894
ER+SF,1000,1.4,1.4,,2.1,562,795,449,475,908,882
ER+SF,1000,1.4,1.4,,2.2,562,739,438,464,863,837
ER+SF,1000,1.4,1.4,,2.3,562,718,416,441,864,839
ER+SF,1000,1.4,1.4,,2.4,562,695,402,430,855,827
ER+SF,1000,1.4,1.4,,2.5,562,689,399,426,852,825
ER+SF,1000,1.4,1.4,,2.6,562,654,370,405,846,811
ER+SF,1000,1.4,1.4,,2.7,562,659,372,404,849,817
ER+SF,1000,1.4,1.4,,2.8,562,666,380,411,848,817
ER+SF,1000,1.4,1.4,,2.9,562,621,354,388,829,795
ER+SF,1000,1.4,1.4,,3.0,562,631,359,390,834,803
ER+SF,1000,1.4,1.4,,3.1,562,620,353,390,829,792
ER+SF,1000,1.4,1.4,,3.2,562,625,364,396,823,791
ER+SF,1000,1.4,1.4,,3.3,562,621,345,386,838,797
ER+SF,1000,1.4,1.4,,3.4,562,601,336,370,827,793
ER+SF,1000,1.4,1.4,,3.5,562,599,339,372,822,789
ER+SF,1000,1.4,1.4,,3.6,562,583,334,362,811,783
ER+SF,1000,1.4,1.4,,3.7,562,600,351,389,811,773
ER+SF,1000,1.4,1.4,,3.8,562,593,351,377,804,778
ER+SF,1000,1.4,1.4,,3.9,562,590,329,372,823,780
ER+SF,1000,1.4,1.4,,4.0,562,589,346,383,805,768
ER+SF,1000,1.4,1.4,,4.1,562,592,338,372,816,782
ER+SF,1000,1.4,1.4,,4.2,562,586,347,385,801,763
ER+SF,1000,1.4,1.4,,4.3,562,594,350,381,806,775
ER+SF,1000,1.4,1.4,,4.4,562,596,346,386,812,772
ER+SF,1000,1.4,1.4,,4.5,562,577,323,358,816,781
ER+SF,1000,1.4,1.4,,4.6,562,585,336,370,811,777
ER+SF,1000,1.4,1.4,,4.7,562,568,326,355,804,775
ER+SF,1000,1.4,1.4,,4.8,562,576,330,367,808,771
ER+SF,1000,1.4,1.4,,4.9,562,574,336,375,800,761
ER+SF,1000,1.4,1.4,,5.0,562,582,330,370,814,774
ER+SF,1000,1.5,1.5,,2.0,544,819,447,470,916,893
ER+SF,1000,1.5,1.5,,2.1,544,789,423,444,910,889
ER+SF,1000,1.5,1.5,,2.2,544,746,417,445,873,845
ER+SF,1000,1.5,1.5,,2.3,544,712,394,428,862,828
ER+SF,1000,1.5,1.5,,2.4,544,700,381,419,863,825
ER+SF,1000,1.5,1.5,,2.5,544,682,375,411,851,815
ER+SF,1000,1.5,1.5,,2.6,544,634,346,379,832,799
ER+SF,1000,1.5,1.5,,2.7,544,629,353,389,820,784
ER+SF,1000,1.5,1.5,,2.8,544,633,341,386,836,791
ER+SF,1000,1.5,1.5,,2.9,544,620,343,387,821,777
ER+SF,1000,1.5,1.5,,3.0,544,606,335,376,815,774
ER+SF,1000,1.5,1.5,,3.1,544,604,329,378,819,770
ER+SF,1000,1.5,1.5,,3.2,544,586,307,350,823,780
ER+SF,1000,1.5,1.5,,3.3,544,592,321,367,815,769
ER+SF,1000,1.5,1.5,,3.4,544,595,320,361,819,778
ER+SF,1000,1.5,1.5,,3.5,544,598,322,361,820,781
ER+SF,1000,1.5,1.5,,3.6,544,577,314,351,807,770
ER+SF,1000,1.5,1.5,,3.7,544,573,319,358,798,759
ER+SF,1000,1.5,1.5,,3.8,544,559,304,341,799,762
ER+SF,1000,1.5,1.5,,3.9,544,578,326,362,796,760
ER+SF,1000,1.5,1.5,,4.0,544,569,316,353,797,760
ER+SF,1000,1.5,1.5,,4.1,544,581,307,350,818,775
ER+SF,1000,1.5,1.5,,4.2,544,564,311,347,797,761
ER+SF,1000,1.5,1.5,,4.3,544,563,301,343,806,764
ER+SF,1000,1.5,1.5,,4.4,544,559,319,348,784,755
ER+SF,1000,1.5,1.5,,4.5,544,559,294,337,809,766
ER+SF,1000,1.5,1.5,,4.6,544,554,305,342,793,756
ER+SF,1000,1.5,1.5,,4.7,544,548,297,334,795,758
ER+SF,1000,1.5,1.5,,4.8,544,550,301,340,793,754
ER+SF,1000,1.5,1.5,,4.9,544,551,317,346,778,749
ER+SF,1000,1.5,1.5,,5.0,544,565,312,344,797,765
ER+SF,1000,1.6,1.6,,2.0,520,802,429,451,893,871
ER+SF,1000,1.6,1.6,,2.1,520,781,412,433,889,868
ER+SF,1000,1.6,1.6,,2.2,520,735,387,422,868,833
ER+SF,1000,1.6,1.6,,2.3,520,694,356,392,858,822
ER+SF,1000,1.6,1.6,,2.4,520,683,365,393,838,810
ER+SF,1000,1.6,1.6,,2.5,520,646,340,377,826,789
ER+SF,1000,1.6,1.6,,2.6,520,614,334,372,800,762
ER+SF,1000,1.6,1.6,,2.7,520,627,332,377,815,770
ER+SF,1000,1.6,1.6,,2.8,520,612,329,370,803,762
ER+SF,1000,1.6,1.6,,2.9,520,610,310,347,820,783
ER+SF,1000,1.6,1.6,,3.0,520,586,298,345,808,761
ER+SF,1000,1.6,1.6,,3.1,520,569,292,330,797,759
ER+SF,1000,1.6,1.6,,3.2,520,572,309,355,783,737
ER+SF,1000,1.6,1.6,,3.3,520,562,315,349,767,733
ER+SF,1000,1.6,1.6,,3.4,520,578,289,336,809,762
ER+SF,1000,1.6,1.6,,3.5,520,562,293,343,789,739
ER+SF,1000,1.6,1.6,,3.6,520,553,284,326,789,747
ER+SF,1000,1.6,1.6,,3.7,520,554,281,320,793,754
ER+SF,1000,1.6,1.6,,3.8,520,558,282,319,796,759
ER+SF,1000,1.6,1.6,,3.9,520,550,293,336,777,734
ER+SF,1000,1.6,1.6,,4.0,520,556,287,332,789,744
ER+SF,1000,1.6,1.6,,4.1,520,554,285,328,789,746
ER+SF,1000,1.6,1.6,,4.2,520,570,294,337,796,753
ER+SF,1000,1.6,1.6,,4.3,520,554,286,327,788,747
ER+SF,1000,1.6,1.6,,4.4,520,542,283,314,779,748
ER+SF,1000,1.6,1.6,,4.5,520,547,283,326,784,741
ER+SF,1000,1.6,1.6,,4.6,520,525,274,321,771,724
ER+SF,1000,1.6,1.6,,4.7,520,543,291,336,772,727
ER+SF,1000,1.6,1.6,,4.8,520,532,282,324,770,728
ER+SF,1000,1.6,1.6,,4.9,520,540,286,330,774,730
ER+SF,1000,1.6,1.6,,5.0,520,542,286,327,776,735
ER+SF,1000,1.7,1.7,,2.0,507,791,412,434,886,864
ER+SF,1000,1.7,1.7,,2.1,507,748,368,394,887,861
ER+SF,1000,1.7,1.7,,2.2,507,734,375,403,866,838
ER+SF,1000,1.7,1.7,,2.3,507,700,354,383,853,824
ER+SF,1000,1.7,1.7,,2.4,507,653,339,368,821,792
ER+SF,1000,1.7,1.7,,2.5,507,657,338,375,826,789
ER+SF,1000,1.7,1.7,,2.6,507,615,306,343,816,779
ER+SF,1000,1.7,1.7,,2.7,507,612,317,353,802,766
ER+SF,1000,1.7,1.7,,2.8,507,598,301,332,804,773
ER+SF,1000,1.7,1.7,,2.9,507,598,295,335,810,770
ER+SF,1000,1.7,1.7,,3.0,507,586,304,339,789,754
ER+SF,1000,1.7,1.7,,3.1,507,557,283,318,781,746
ER+SF,1000,1.7,1.7,,3.2,507,559,304,342,762,724
ER+SF,1000,1.7,1.7,,3.3,507,557,276,311,788,753
ER+SF,1000,1.7,1.7,,3.4,507,556,283,323,780,740
ER+SF,1000,1.7,1.7,,3.5,507,561,279,320,789,748
ER+SF,1000,1.7,1.7,,3.6,507,541,270,303,778,745
ER+SF,1000,1.7,1.7,,3.7,507,537,277,318,767,726
ER+SF,1000,1.7,1.7,,3.8,507,534,265,301,776,740
ER+SF,1000,1.7,1.7,,3.9,507,547,276,309,778,745
ER+SF,1000,1.7,1.7,,4.0,507,536,266,304,777,739
ER+SF,1000,1.7,1.7,,4.1,507,519,269,302,757,724
ER+SF,1000,1.7,1.7,,4.2,507,544,276,314,775,737
ER+SF,1000,1.7,1.7,,4.3,507,509,263,304,753,712
ER+SF,1000,1.7,1.7,,4.4,507,543,275,314,775,736
ER+SF,1000,1.7,1.7,,4.5,507,526,266,302,767,731
ER+SF,1000,1.7,1.7,,4.6,507,523,257,289,773,741
ER+SF,1000,1.7,1.7,,4.7,507,527,271,307,763,727
ER+SF,1000,1.7,1.7,,4.8,507,521,275,310,753,718
ER+SF,1000,1.7,1.7,,4.9,507,531,272,321,766,717
ER+SF,1000,1.7,1.7,,5.0,507,512,255,284,764,735
ER+SF,1000,1.8,1.8,,2.0,487,804,381,414,910,877
ER+SF,1000,1.8,1.8,,2.1,487,760,365,399,882,848
ER+SF,1000,1.8,1.8,,2.2,487,721,345,389,863,819
ER+SF,1000,1.8,1.8,,2.3,487,671,337,374,821,784
ER+SF,1000,1.8,1.8,,2.4,487,651,318,367,820,771
ER+SF,1000,1.8,1.8,,2.5,487,624,301,349,810,762
ER+SF,1000,1.8,1.8,,2.6,487,622,305,354,804,755
ER+SF,1000,1.8,1.8,,2.7,487,597,312,354,772,730
ER+SF,1000,1.8,1.8,,2.8,487,587,279,342,795,732
ER+SF,1000,1.8,1.8,,2.9,487,570,286,336,771,721
ER+SF,1000,1.8,1.8,,3.0,487,559,271,324,775,722
ER+SF,1000,1.8,1.8,,3.1,487,546,268,315,765,718
ER+SF,1000,1.8,1.8,,3.2,487,548,281,320,754,715
ER+SF,1000,1.8,1.8,,3.3,487,529,258,305,758,711
ER+SF,1000,1.8,1.8,,3.4,487,526,253,304,760,709
ER+SF,1000,1.8,1.8,,3.5,487,516,251,294,752,709
ER+SF,1000,1.8,1.8,,3.6,487,536,262,314,761,709
ER+SF,1000,1.8,1.8,,3.7,487,519,249,299,757,707
ER+SF,1000,1.8,1.8,,3.8,487,518,243,291,762,714
ER+SF,1000,1.8,1.8,,3.9,487,526,254,308,759,705
ER+SF,1000,1.8,1.8,,4.0,487,533,274,326,746,694
ER+SF,1000,1.8,1.8,,4.1,487,533,270,315,750,705
ER+SF,1000,1.8,1.8,,4.2,487,505,233,286,759,706
ER+SF,1000,1.8,1.8,,4.3,487,500,244,298,743,689
ER+SF,1000,1.8,1.8,,4.4,487,509,247,288,749,708
ER+SF,1000,1.8,1.8,,4.5,487,505,250,298,742,694
ER+SF,1000,1.8,1.8,,4.6,487,494,238,290,743,691
ER+SF,1000,1.8,1.8,,4.7,487,505,247,293,745,699
ER+SF,1000,1.8,1.8,,4.8,487,522,248,300,761,709
ER+SF,1000,1.8,1.8,,4.9,487,501,249,304,739,684
ER+SF,1000,1.8,1.8,,5.0,487,511,241,305,757,693
ER+SF,1000,1.9,1.9,,2.0,473,791,382,415,882,849
ER+SF,1000,1.9,1.9,,2.1,473,732,361,377,844,828
ER+SF,1000,1.9,1.9,,2.2,473,706,337,385,842,794
ER+SF,1000,1.9,1.9,,2.3,473,674,322,365,825,782
ER+SF,1000,1.9,1.9,,2.4,473,647,306,356,814,764
ER+SF,1000,1.9,1.9,,2.5,473,623,303,345,793,751
ER+SF,1000,1.9,1.9,,2.6,473,616,296,339,793,750
ER+SF,1000,1.9,1.9,,2.7,473,583,277,322,779,734
ER+SF,1000,1.9,1.9,,2.8,473,578,283,325,768,726
ER+SF,1000,1.9,1.9,,2.9,473,565,263,321,775,717
ER+SF,1000,1.9,1.9,,3.0,473,547,275,332,745,688
ER+SF,1000,1.9,1.9,,3.1,473,527,252,309,748,691
ER+SF,1000,1.9,1.9,,3.2,473,528,252,308,749,693
ER+SF,1000,1.9,1.9,,3.3,473,540,261,320,752,693
ER+SF,1000,1.9,1.9,,3.4,473,504,240,286,737,691
ER+SF,1000,1.9,1.9,,3.5,473,511,260,307,724,677
ER+SF,1000,1.9,1.9,,3.6,473,506,228,292,751,687
ER+SF,1000,1.9,1.9,,3.7,473,511,236,286,748,698
ER+SF,1000,1.9,1.9,,3.8,473,515,237,293,751,695
ER+SF,1000,1.9,1.9,,3.9,473,501,224,286,750,688
ER+SF,1000,1.9,1.9,,4.0,473,497,239,289,731,681
ER+SF,1000,1.9,1.9,,4.1,473,503,242,298,734,678
ER+SF,1000,1.9,1.9,,4.2,473,492,246,297,719,668
ER+SF,1000,1.9,1.9,,4.3,473,506,243,295,736,684
ER+SF,1000,1.9,1.9,,4.4,473,499,235,279,737,693
ER+SF,1000,1.9,1.9,,4.5,473,492,246,294,719,671
ER+SF,1000,1.9,1.9,,4.6,473,499,244,296,728,676
ER+SF,1000,1.9,1.9,,4.7,473,493,238,294,728,672
ER+SF,1000,1.9,1.9,,4.8,473,488,241,295,720,666
ER+SF,1000,1.9,1.9,,4.9,473,503,240,292,736,684
ER+SF,1000,1.9,1.9,,5.0,473,485,222,278,736,680
ER+SF,1000,2.0,2.0,,2.0,441,776,344,376,873,841
ER+SF,1000,2.0,2.0,,2.1,441,734,316,344,859,831
ER+SF,1000,2.0,2.0,,2.2,441,692,295,339,838,794
ER+SF,1000,2.0,2.0,,2.3,441,667,296,330,812,778
ER+SF,1000,2.0,2.0,,2.4,441,636,281,326,796,751
ER+SF,1000,2.0,2.0,,2.5,441,618,279,325,780,734
ER+SF,1000,2.0,2.0,,2.6,441,588,262,304,767,725
ER+SF,1000,2.0,2.0,,2.7,441,564,235,275,770,730
ER+SF,1000,2.0,2.0,,2.8,441,565,263,307,743,699
ER+SF,1000,2.0,2.0,,2.9,441,556,249,287,748,710
ER+SF,1000,2.0,2.0,,3.0,441,544,243,287,742,698
ER+SF,1000,2.0,2.0,,3.1,441,537,232,293,746,685
ER+SF,1000,2.0,2.0,,3.2,441,535,227,273,749,703
ER+SF,1000,2.0,2.0,,3.3,441,520,229,282,732,679
ER+SF,1000,2.0,2.0,,3.4,441,510,225,280,726,671
ER+SF,1000,2.0,2.0,,3.5,441,499,215,266,725,674
ER+SF,1000,2.0,2.0,,3.6,441,514,233,278,722,677
ER+SF,1000,2.0,2.0,,3.7,441,498,218,261,721,678
ER+SF,1000,2.0,2.0,,3.8,441,496,225,262,712,675
ER+SF,1000,2.0,2.0,,3.9,441,497,227,276,711,662
ER+SF,1000,2.0,2.0,,4.0,441,476,206,252,711,665
ER+SF,1000,2.0,2.0,,4.1,441,497,206,267,732,671
ER+SF,1000,2.0,2.0,,4.2,441,493,218,268,716,666
ER+SF,1000,2.0,2.0,,4.3,441,484,209,259,716,666
ER+SF,1000,2.0,2.0,,4.4,441,490,199,258,732,673
ER+SF,1000,2.0,2.0,,4.5,441,483,219,264,705,660
ER+SF,1000,2.0,2.0,,4.6,441,482,211,264,712,659
ER+SF,1000,2.0,2.0,,4.7,441,453,195,235,699,659
ER+SF,1000,2.0,2.0,,4.8,441,470,207,253,704,658
ER+SF,1000,2.0,2.0,,4.9,441,484,214,264,711,661
ER+SF,1000,2.0,2.0,,5.0,441,459,199,243,701,657
ER+SF,1000,2.1,2.1,,2.0,433,779,344,373,868,839
ER+SF,1000,2.1,2.1,,2.1,433,724,317,352,840,805
ER+SF,1000,2.1,2.1,,2.2,433,681,295,339,819,775
ER+SF,1000,2.1,2.1,,2.3,433,654,281,322,806,765
ER+SF,1000,2.1,2.1,,2.4,433,627,284,330,776,730
ER+SF,1000,2.1,2.1,,2.5,433,591,249,291,775,733
ER+SF,1000,2.1,2.1,,2.6,433,574,250,297,757,710
ER+SF,1000,2.1,2.1,,2.7,433,545,230,276,748,702
ER+SF,1000,2.1,2.1,,2.8,433,549,249,295,733,687
ER+SF,1000,2.1,2.1,,2.9,433,531,237,284,727,680
ER+SF,1000,2.1,2.1,,3.0,433,533,232,287,734,679
ER+SF,1000,2.1,2.1,,3.1,433,534,226,279,741,688
ER+SF,1000,2.1,2.1,,3.2,433,513,221,272,725,674
ER+SF,1000,2.1,2.1,,3.3,433,503,219,265,717,671
ER+SF,1000,2.1,2.1,,3.4,433,493,208,254,718,672
ER+SF,1000,2.1,2.1,,3.5,433,506,219,267,720,672
ER+SF,1000,2.1,2.1,,3.6,433,479,195,253,717,659
ER+SF,1000,2.1,2.1,,3.7,433,497,219,256,711,674
ER+SF,1000,2.1,2.1,,3.8,433,484,208,265,709,652
ER+SF,1000,2.1,2.1,,3.9,433,471,208,251,696,653
ER+SF,1000,2.1,2.1,,4.0,433,469,207,255,695,647
ER+SF,1000,2.1,2.1,,4.1,433,467,199,251,701,649
ER+SF,1000,2.1,2.1,,4.2,433,466,196,246,703,653
ER+SF,1000,2.1,2.1,,4.3,433,477,215,262,695,648
ER+SF,1000,2.1,2.1,,4.4,433,473,197,251,709,655
ER+SF,1000,2.1,2.1,,4.5,433,480,206,253,707,660
ER+SF,1000,2.1,2.1,,4.6,433,461,194,242,700,652
ER+SF,1000,2.1,2.1,,4.7,433,463,199,244,697,652
ER+SF,1000,2.1,2.1,,4.8,433,450,203,241,680,642
ER+SF,1000,2.1,2.1,,4.9,433,455,190,241,698,647
ER+SF,1000,2.1,2.1,,5.0,433,456,203,249,686,640
ER+SF,1000,2.2,2.2,,2.0,427,776,322,352,881,851
ER+SF,1000,2.2,2.2,,2.1,427,715,302,343,840,799
ER+SF,1000,2.2,2.2,,2.2,427,689,306,335,810,781
ER+SF,1000,2.2,2.2,,2.3,427,655,287,324,795,758
ER+SF,1000,2.2,2.2,,2.4,427,610,260,307,777,730
ER+SF,1000,2.2,2.2,,2.5,427,597,258,306,766,718
ER+SF,1000,2.2,2.2,,2.6,427,588,242,294,773,721
ER+SF,1000,2.2,2.2,,2.7,427,562,226,285,763,704
ER+SF,1000,2.2,2.2,,2.8,427,534,212,276,749,685
ER+SF,1000,2.2,2.2,,2.9,427,512,220,258,719,681
ER+SF,1000,2.2,2.2,,3.0,427,504,213,261,718,670
ER+SF,1000,2.2,2.2,,3.1,427,507,201,259,733,675
ER+SF,1000,2.2,2.2,,3.2,427,493,211,267,709,653
ER+SF,1000,2.2,2.2,,3.3,427,490,216,268,701,649
ER+SF,1000,2.2,2.2,,3.4,427,502,216,259,713,670
ER+SF,1000,2.2,2.2,,3.5,427,482,199,251,710,658
ER+SF,1000,2.2,2.2,,3.6,427,459,195,236,691,650
ER+SF,1000,2.2,2.2,,3.7,427,465,201,249,691,643
ER+SF,1000,2.2,2.2,,3.8,427,466,199,252,694,641
ER+SF,1000,2.2,2.2,,3.9,427,463,205,251,685,639
ER+SF,1000,2.2,2.2,,4.0,427,464,194,256,697,635
ER+SF,1000,2.2,2.2,,4.1,427,448,185,241,690,634
ER+SF,1000,2.2,2.2,,4.2,427,450,192,245,685,632
ER+SF,1000,2.2,2.2,,4.3,427,441,188,234,680,634
ER+SF,1000,2.2,2.2,,4.4,427,446,186,237,687,636
ER+SF,1000,2.2,2.2,,4.5,427,446,185,228,688,645
ER+SF,1000,2.2,2.2,,4.6,427,444,188,240,683,631
ER+SF,1000,2.2,2.2,,4.7,427,435,182,229,680,633
ER+SF,1000,2.2,2.2,,4.8,427,432,184,246,675,613
ER+SF,1000,2.2,2.2,,4.9,427,449,201,244,675,632
ER+SF,1000,2.2,2.2,,5.0,427,438,176,227,689,638
ER+SF,1000,2.3,2.3,,2.0,405,755,301,335,859,825
ER+SF,1000,2.3,2.3,,2.1,405,714,293,328,826,791
ER+SF,1000,2.3,2.3,,2.2,405,665,268,308,802,762
ER+SF,1000,2.3,2.3,,2.3,405,632,252,292,785,745
ER+SF,1000,2.3,2.3,,2.4,405,588,248,283,745,710
ER+SF,1000,2.3,2.3,,2.5,405,592,247,282,750,715
ER+SF,1000,2.3,2.3,,2.6,405,557,215,268,747,694
ER+SF,1000,2.3,2.3,,2.7,405,539,214,272,730,672
ER+SF,1000,2.3,2.3,,2.8,405,538,220,280,723,663
ER+SF,1000,2.3,2.3,,2.9,405,509,205,260,709,654
ER+SF,1000,2.3,2.3,,3.0,405,494,200,248,699,651
ER+SF,1000,2.3,2.3,,3.1,405,478,195,246,688,637
ER+SF,1000,2.3,2.3,,3.2,405,476,197,243,684,638
ER+SF,1000,2.3,2.3,,3.3,405,487,185,247,707,645
ER+SF,1000,2.3,2.3,,3.4,405,462,191,246,676,621
ER+SF,1000,2.3,2.3,,3.5,405,472,195,247,682,630
ER+SF,1000,2.3,2.3,,3.6,405,443,191,236,657,612
ER+SF,1000,2.3,2.3,,3.7,405,453,186,249,672,609
ER+SF,1000,2.3,2.3,,3.8,405,453,182,234,676,624
ER+SF,1000,2.3,2.3,,3.9,405,444,170,231,679,618
ER+SF,1000,2.3,2.3,,4.0,405,441,198,251,648,595
ER+SF,1000,2.3,2.3,,4.1,405,447,160,221,692,631
ER+SF,1000,2.3,2.3,,4.2,405,445,192,245,658,605
ER+SF,1000,2.3,2.3,,4.3,405,439,171,234,673,610
ER+SF,1000,2.3,2.3,,4.4,405,429,182,235,652,599
ER+SF,1000,2.3,2.3,,4.5,405,447,178,227,674,625
ER+SF,1000,2.3,2.3,,4.6,405,431,180,236,656,600
ER+SF,1000,2.3,2.3,,4.7,405,433,181,228,657,610
ER+SF,1000,2.3,2.3,,4.8,405,437,170,234,672,608
ER+SF,1000,2.3,2.3,,4.9,405,434,163,215,676,624
ER+SF,1000,2.3,2.3,,5.0,405,433,176,226,662,612
ER+SF,1000,2.4,2.4,,2.0,397,739,287,327,849,809
ER+SF,1000,2.4,2.4,,2.1,397,718,286,331,829,784
ER+SF,1000,2.4,2.4,,2.2,397,664,264,313,797,748
ER+SF,1000,2.4,2.4,,2.3,397,633,247,297,783,733
ER+SF,1000,2.4,2.4,,2.4,397,589,239,276,747,710
ER+SF,1000,2.4,2.4,,2.5,397,580,223,278,754,699
ER+SF,1000,2.4,2.4,,2.6,397,541,209,261,729,677
ER+SF,1000,2.4,2.4,,2.7,397,501,192,232,706,666
ER+SF,1000,2.4,2.4,,2.8,397,509,202,255,704,651
ER+SF,1000,2.4,2.4,,2.9,397,492,196,246,693,643
ER+SF,1000,2.4,2.4,,3.0,397,483,195,246,685,634
ER+SF,1000,2.4,2.4,,3.1,397,478,185,238,690,637
ER+SF,1000,2.4,2.4,,3.2,397,457,187,233,667,621
ER+SF,1000,2.4,2.4,,3.3,397,477,178,246,696,628
ER+SF,1000,2.4,2.4,,3.4,397,445,165,228,677,614
ER+SF,1000,2.4,2.4,,3.5,397,454,186,242,665,609
ER+SF,1000,2.4,2.4,,3.6,397,440,184,233,653,604
ER+SF,1000,2.4,2.4,,3.7,397,438,171,223,664,612
ER+SF,1000,2.4,2.4,,3.8,397,426,179,238,644,585
ER+SF,1000,2.4,2.4,,3.9,397,456,178,251,675,602
ER+SF,1000,2.4,2.4,,4.0,397,427,171,225,653,599
ER+SF,1000,2.4,2.4,,4.1,397,443,185,255,655,585
ER+SF,1000,2.4,2.4,,4.2,397,430,173,229,654,598
ER+SF,1000,2.4,2.4,,4.3,397,427,180,230,644,594
ER+SF,1000,2.4,2.4,,4.4,397,415,165,224,647,588
ER+SF,1000,2.4,2.4,,4.5,397,426,164,225,659,598
ER+SF,1000,2.4,2.4,,4.6,397,414,157,211,654,600
ER+SF,1000,2.4,2.4,,4.7,397,424,153,216,668,605
ER+SF,1000,2.4,2.4,,4.8,397,416,163,221,650,592
ER+SF,1000,2.4,2.4,,4.9,397,420,157,218,660,599
ER+SF,1000,2.4,2.4,,5.0,397,424,166,222,655,599
ER+SF,1000,2.5,2.5,,2.0,375,738,275,306,838,807
ER+SF,1000,2.5,2.5,,2.1,375,705,255,305,825,775
ER+SF,1000,2.5,2.5,,2.2,375,654,242,283,787,746
ER+SF,1000,2.5,2.5,,2.3,375,620,221,269,774,726
ER+SF,1000,2.5,2.5,,2.4,375,609,227,277,757,707
ER+SF,1000,2.5,2.5,,2.5,375,542,190,251,727,666
ER+SF,1000,2.5,2.5,,2.6,375,522,194,232,703,665
ER+SF,1000,2.5,2.5,,2.7,375,501,193,238,683,638
ER+SF,1000,2.5,2.5,,2.8,375,501,182,248,694,628
ER+SF,1000,2.5,2.5,,2.9,375,490,176,233,689,632
ER+SF,1000,2.5,2.5,,3.0,375,473,170,222,678,626
ER+SF,1000,2.5,2.5,,3.1,375,470,168,234,677,611
ER+SF,1000,2.5,2.5,,3.2,375,448,175,229,648,594
ER+SF,1000,2.5,2.5,,3.3,375,434,157,223,652,586
ER+SF,1000,2.5,2.5,,3.4,375,440,156,206,659,609
ER+SF,1000,2.5,2.5,,3.5,375,443,155,210,663,608
ER+SF,1000,2.5,2.5,,3.6,375,434,166,222,643,587
ER+SF,1000,2.5,2.5,,3.7,375,421,159,207,637,589
ER+SF,1000,2.5,2.5,,3.8,375,426,167,219,634,582
ER+SF,1000,2.5,2.5,,3.9,375,413,156,211,632,577
ER+SF,1000,2.5,2.5,,4.0,375,419,165,223,629,571
ER+SF,1000,2.5,2.5,,4.1,375,400,141,198,634,577
ER+SF,1000,2.5,2.5,,4.2,375,404,153,198,626,581
ER+SF,1000,2.5,2.5,,4.3,375,411,153,210,633,576
ER+SF,1000,2.5,2.5,,4.4,375,410,157,212,628,573
ER+SF,1000,2.5,2.5,,4.5,375,421,149,213,647,583
ER+SF,1000,2.5,2.5,,4.6,375,404,161,218,618,561
ER+SF,1000,2.5,2.5,,4.7,375,410,148,201,637,584
ER+SF,1000,2.5,2.5,,4.8,375,399,146,205,628,569
ER+SF,1000,2.5,2.5,,4.9,375,402,149,215,628,562
ER+SF,1000,2.5,2.5,,5.0,375,401,146,204,630,572
ER+SF,1000,2.6,2.6,,2.0,368,741,272,311,837,798
ER+SF,1000,2.6,2.6,,2.1,368,702,264,304,806,766
ER+SF,1000,2.6,2.6,,2.2,368,658,235,282,791,744
ER+SF,1000,2.6,2.6,,2.3,368,616,226,275,758,709
ER+SF,1000,2.6,2.6,,2.4,368,562,188,243,742,687
ER+SF,1000,2.6,2.6,,2.5,368,557,205,260,720,665
ER+SF,1000,2.6,2.6,,2.6,368,518,192,237,694,649
ER+SF,1000,2.6,2.6,,2.7,368,512,195,248,685,632
ER+SF,1000,2.6,2.6,,2.8,368,508,194,251,682,625
ER+SF,1000,2.6,2.6,,2.9,368,463,168,227,663,604
ER+SF,1000,2.6,2.6,,3.0,368,462,163,222,667,608
ER+SF,1000,2.6,2.6,,3.1,368,450,172,228,646,590
ER+SF,1000,2.6,2.6,,3.2,368,429,156,206,641,591
ER+SF,1000,2.6,2.6,,3.3,368,433,166,226,635,575
ER+SF,1000,2.6,2.6,,3.4,368,454,168,230,654,592
ER+SF,1000,2.6,2.6,,3.5,368,433,158,217,643,584
ER+SF,1000,2.6,2.6,,3.6,368,415,144,213,639,570
ER+SF,1000,2.6,2.6,,3.7,368,415,144,192,639,591
ER+SF,1000,2.6,2.6,,3.8,368,415,156,210,627,573
ER+SF,1000,2.6,2.6,,3.9,368,422,153,232,637,558
ER+SF,1000,2.6,2.6,,4.0,368,409,152,201,625,576
ER+SF,1000,2.6,2.6,,4.1,368,402,143,212,627,558
ER+SF,1000,2.6,2.6,,4.2,368,405,142,193,631,580
ER+SF,1000,2.6,2.6,,4.3,368,407,160,213,615,562
ER+SF,1000,2.6,2.6,,4.4,368,396,150,213,614,551
ER+SF,1000,2.6,2.6,,4.5,368,387,140,197,615,558
ER+SF,1000,2.6,2.6,,4.6,368,407,143,202,632,573
ER+SF,1000,2.6,2.6,,4.7,368,407,150,208,625,567
ER+SF,1000,2.6,2.6,,4.8,368,395,151,204,612,559
ER+SF,1000,2.6,2.6,,4.9,368,384,134,188,618,564
ER+SF,1000,2.6,2.6,,5.0,368,384,132,196,620,556
ER+SF,1000,2.7,2.7,,2.0,355,731,259,295,827,791
ER+SF,1000,2.7,2.7,,2.1,355,686,227,286,814,755
ER+SF,1000,2.7,2.7,,2.2,355,641,235,276,761,720
ER+SF,1000,2.7,2.7,,2.3,355,598,208,258,745,695
ER+SF,1000,2.7,2.7,,2.4,355,567,207,261,715,661
ER+SF,1000,2.7,2.7,,2.5,355,536,187,249,704,642
ER+SF,1000,2.7,2.7,,2.6,355,526,180,241,701,640
ER+SF,1000,2.7,2.7,,2.7,355,505,173,234,687,626
ER+SF,1000,2.7,2.7,,2.8,355,475,171,229,659,601
ER+SF,1000,2.7,2.7,,2.9,355,458,157,215,656,598
ER+SF,1000,2.7,2.7,,3.0,355,448,146,217,657,586
ER+SF,1000,2.7,2.7,,3.1,355,447,159,222,643,580
ER+SF,1000,2.7,2.7,,3.2,355,431,147,206,639,580
ER+SF,1000,2.7,2.7,,3.3,355,432,154,221,633,566
ER+SF,1000,2.7,2.7,,3.4,355,411,154,210,612,556
ER+SF,1000,2.7,2.7,,3.5,355,419,153,219,621,555
ER+SF,1000,2.7,2.7,,3.6,355,391,140,198,606,548
ER+SF,1000,2.7,2.7,,3.7,355,413,146,211,622,557
ER+SF,1000,2.7,2.7,,3.8,355,415,145,219,625,551
ER+SF,1000,2.7,2.7,,3.9,355,408,134,203,629,560
ER+SF,1000,2.7,2.7,,4.0,355,372,132,200,595,527
ER+SF,1000,2.7,2.7,,4.1,355,394,135,202,614,547
ER+SF,1000,2.7,2.7,,4.2,355,390,144,214,601,531
ER+SF,1000,2.7,2.7,,4.3,355,392,148,214,599,533
ER+SF,1000,2.7,2.7,,4.4,355,383,143,201,595,537
ER+SF,1000,2.7,2.7,,4.5,355,368,131,197,592,526
ER+SF,1000,2.7,2.7,,4.6,355,377,126,201,606,531
ER+SF,1000,2.7,2.7,,4.7,355,380,155,212,580,523
ER+SF,1000,2.7,2.7,,4.8,355,381,123,201,613,535
ER+SF,1000,2.7,2.7,,4.9,355,379,143,211,591,523
ER+SF,1000,2.7,2.7,,5.0,355,371,148,211,578,515
ER+SF,1000,2.8,2.8,,2.0,342,719,257,294,804,767
ER+SF,1000,2.8,2.8,,2.1,342,672,231,272,783,742
ER+SF,1000,2.8,2.8,,2.2,342,623,216,264,749,701
ER+SF,1000,2.8,2.8,,2.3,342,607,205,256,744,693
ER+SF,1000,2.8,2.8,,2.4,342,559,196,242,705,659
ER+SF,1000,2.8,2.8,,2.5,342,536,181,229,697,649
ER+SF,1000,2.8,2.8,,2.6,342,503,179,236,666,609
ER+SF,1000,2.8,2.8,,2.7,342,490,174,224,658,608
ER+SF,1000,2.8,2.8,,2.8,342,454,163,214,633,582
ER+SF,1000,2.8,2.8,,2.9,342,448,157,204,633,586
ER+SF,1000,2.8,2.8,,3.0,342,435,151,204,626,573
ER+SF,1000,2.8,2.8,,3.1,342,440,157,215,625,567
ER+SF,1000,2.8,2.8,,3.2,342,428,150,210,620,560
ER+SF,1000,2.8,2.8,,3.3,342,417,147,204,612,555
ER+SF,1000,2.8,2.8,,3.4,342,413,159,207,596,548
ER+SF,1000,2.8,2.8,,3.5,342,400,135,186,607,556
ER+SF,1000,2.8,2.8,,3.6,342,391,125,184,608,549
ER+SF,1000,2.8,2.8,,3.7,342,381,133,197,590,526
ER+SF,1000,2.8,2.8,,3.8,342,383,145,200,580,525
ER+SF,1000,2.8,2.8,,3.9,342,391,131,192,602,541
ER+SF,1000,2.8,2.8,,4.0,342,374,124,180,592,536
ER+SF,1000,2.8,2.8,,4.1,342,369,137,192,574,519
ER+SF,1000,2.8,2.8,,4.2,342,377,123,191,596,528
ER+SF,1000,2.8,2.8,,4.3,342,360,130,188,572,514
ER+SF,1000,2.8,2.8,,4.4,342,368,136,183,574,527
ER+SF,1000,2.8,2.8,,4.5,342,373,140,191,575,524
ER+SF,1000,2.8,2.8,,4.6,342,372,134,187,580,527
ER+SF,1000,2.8,2.8,,4.7,342,369,130,187,581,524
ER+SF,1000,2.8,2.8,,4.8,342,356,119,172,579,526
ER+SF,1000,2.8,2.8,,4.9,342,364,115,180,591,526
ER+SF,1000,2.8,2.8,,5.0,342,353,131,178,564,517
ER+SF,1000,2.9,2.9,,2.0,333,713,243,287,803,759
ER+SF,1000,2.9,2.9,,2.1,333,662,221,263,774,732
ER+SF,1000,2.9,2.9,,2.2,333,629,212,257,750,705
ER+SF,1000,2.9,2.9,,2.3,333,584,189,245,728,672
ER+SF,1000,2.9,2.9,,2.4,333,535,189,243,679,625
ER+SF,1000,2.9,2.9,,2.5,333,508,170,225,671,616
ER+SF,1000,2.9,2.9,,2.6,333,498,172,231,659,600
ER+SF,1000,2.9,2.9,,2.7,333,484,164,225,653,592
ER+SF,1000,2.9,2.9,,2.8,333,447,158,222,622,558
ER+SF,1000,2.9,2.9,,2.9,333,433,142,206,624,560
ER+SF,1000,2.9,2.9,,3.0,333,433,143,210,623,556
ER+SF,1000,2.9,2.9,,3.1,333,418,141,201,610,550
ER+SF,1000,2.9,2.9,,3.2,333,407,136,200,604,540
ER+SF,1000,2.9,2.9,,3.3,333,409,129,192,613,550
ER+SF,1000,2.9,2.9,,3.4,333,399,130,206,602,526
ER+SF,1000,2.9,2.9,,3.5,333,401,132,199,602,535
ER+SF,1000,2.9,2.9,,3.6,333,388,125,185,596,536
ER+SF,1000,2.9,2.9,,3.7,333,373,137,203,569,503
ER+SF,1000,2.9,2.9,,3.8,333,375,129,193,579,515
ER+SF,1000,2.9,2.9,,3.9,333,371,117,180,587,524
ER+SF,1000,2.9,2.9,,4.0,333,383,119,188,597,528
ER+SF,1000,2.9,2.9,,4.1,333,369,123,187,579,515
ER+SF,1000,2.9,2.9,,4.2,333,367,123,189,577,511
ER+SF,1000,2.9,2.9,,4.3,333,353,109,179,577,507
ER+SF,1000,2.9,2.9,,4.4,333,365,125,186,573,512
ER+SF,1000,2.9,2.9,,4.5,333,351,121,177,563,507
ER+SF,1000,2.9,2.9,,4.6,333,351,111,169,573,515
ER+SF,1000,2.9,2.9,,4.7,333,350,113,175,570,508
ER+SF,1000,2.9,2.9,,4.8,333,349,118,180,564,502
ER+SF,1000,2.9,2.9,,4.9,333,355,118,177,570,511
ER+SF,1000,2.9,2.9,,5.0,333,349,127,195,555,487
ER+SF,1000,3.0,3.0,,2.0,313,716,219,256,810,773
ER+SF,1000,3.0,3.0,,2.1,313,673,213,254,773,732
ER+SF,1000,3.0,3.0,,2.2,313,612,170,235,755,690
ER+SF,1000,3.0,3.0,,2.3,313,576,182,232,707,657
ER+SF,1000,3.0,3.0,,2.4,313,554,166,231,701,636
ER+SF,1000,3.0,3.0,,2.5,313,498,162,215,649,596
ER+SF,1000,3.0,3.0,,2.6,313,495,152,219,656,589
ER+SF,1000,3.0,3.0,,2.7,313,482,154,210,641,585
ER+SF,1000,3.0,3.0,,2.8,313,455,145,205,623,563
ER+SF,1000,3.0,3.0,,2.9,313,435,136,199,612,549
ER+SF,1000,3.0,3.0,,3.0,313,437,119,201,631,549
ER+SF,1000,3.0,3.0,,3.1,313,398,127,187,584,524
ER+SF,1000,3.0,3.0,,3.2,313,397,127,190,583,520
ER+SF,1000,3.0,3.0,,3.3,313,398,127,197,584,514
ER+SF,1000,3.0,3.0,,3.4,313,395,108,185,600,523
ER+SF,1000,3.0,3.0,,3.5,313,369,103,177,579,505
ER+SF,1000,3.0,3.0,,3.6,313,374,120,182,567,505
ER+SF,1000,3.0,3.0,,3.7,313,379,123,182,569,510
ER+SF,1000,3.0,3.0,,3.8,313,363,112,190,564,486
ER+SF,1000,3.0,3.0,,3.9,313,351,98,179,566,485
ER+SF,1000,3.0,3.0,,4.0,313,354,107,177,560,490
ER+SF,1000,3.0,3.0,,4.1,313,360,107,173,566,500
ER+SF,1000,3.0,3.0,,4.2,313,354,104,169,563,498
ER+SF,1000,3.0,3.0,,4.3,313,354,104,169,563,498
ER+SF,1000,3.0,3.0,,4.4,313,346,114,182,545,477
ER+SF,1000,3.0,3.0,,4.5,313,353,106,177,560,489
ER+SF,1000,3.0,3.0,,4.6,313,350,103,172,560,491
ER+SF,1000,3.0,3.0,,4.7,313,357,109,185,561,485
ER+SF,1000,3.0,3.0,,4.8,313,332,102,166,543,479
ER+SF,1000,3.0,3.0,,4.9,313,342,102,179,553,476
ER+SF,1000,3.0,3.0,,5.0,313,339,97,169,555,483
ER+SF,1000,3.1,3.1,,2.0,298,718,212,248,804,768
ER+SF,1000,3.1,3.1,,2.1,298,649,197,234,750,713
ER+SF,1000,3.1,3.1,,2.2,298,619,198,234,719,683
ER+SF,1000,3.1,3.1,,2.3,298,560,161,214,697,644
ER+SF,1000,3.1,3.1,,2.4,298,527,160,211,665,614
ER+SF,1000,3.1,3.1,,2.5,298,525,148,204,675,619
ER+SF,1000,3.1,3.1,,2.6,298,482,145,203,635,577
ER+SF,1000,3.1,3.1,,2.7,298,451,135,190,614,559
ER+SF,1000,3.1,3.1,,2.8,298,440,137,196,601,542
ER+SF,1000,3.1,3.1,,2.9,298,415,129,183,584,530
ER+SF,1000,3.1,3.1,,3.0,298,420,136,183,582,535
ER+SF,1000,3.1,3.1,,3.1,298,409,130,185,577,522
ER+SF,1000,3.1,3.1,,3.2,298,392,124,175,566,515
ER+SF,1000,3.1,3.1,,3.3,298,400,109,160,589,538
ER+SF,1000,3.1,3.1,,3.4,298,382,108,178,572,502
ER+SF,1000,3.1,3.1,,3.5,298,381,114,183,565,496
ER+SF,1000,3.1,3.1,,3.6,298,374,102,157,570,515
ER+SF,1000,3.1,3.1,,3.7,298,352,95,160,555,490
ER+SF,1000,3.1,3.1,,3.8,298,358,100,159,556,497
ER+SF,1000,3.1,3.1,,3.9,298,358,111,162,545,494
ER+SF,1000,3.1,3.1,,4.0,298,342,94,149,546,491
ER+SF,1000,3.1,3.1,,4.1,298,357,111,167,544,488
ER+SF,1000,3.1,3.1,,4.2,298,340,106,171,532,467
ER+SF,1000,3.1,3.1,,4.3,298,336,95,154,539,480
ER+SF,1000,3.1,3.1,,4.4,298,329,111,169,516,458
ER+SF,1000,3.1,3.1,,4.5,298,330,96,159,532,469
ER+SF,1000,3.1,3.1,,4.6,298,332,103,149,527,481
ER+SF,1000,3.1,3.1,,4.7,298,332,103,154,527,476
ER+SF,1000,3.1,3.1,,4.8,298,336,105,158,529,476
ER+SF,1000,3.1,3.1,,4.9,298,327,102,160,523,465
ER+SF,1000,3.1,3.1,,5.0,298,343,104,159,537,482
ER+SF,1000,3.2,3.2,,2.0,294,713,197,232,810,775
ER+SF,1000,3.2,3.2,,2.1,294,650,192,227,752,717
ER+SF,1000,3.2,3.2,,2.2,294,612,178,221,728,685
ER+SF,1000,3.2,3.2,,2.3,294,568,168,209,694,653
ER+SF,1000,3.2,3.2,,2.4,294,524,149,208,669,610
ER+SF,1000,3.2,3.2,,2.5,294,510,152,205,652,599
ER+SF,1000,3.2,3.2,,2.6,294,465,141,195,618,564
ER+SF,1000,3.2,3.2,,2.7,294,446,130,186,610,554
ER+SF,1000,3.2,3.2,,2.8,294,450,139,196,605,548
ER+SF,1000,3.2,3.2,,2.9,294,415,123,184,586,525
ER+SF,1000,3.2,3.2,,3.0,294,406,122,176,578,524
ER+SF,1000,3.2,3.2,,3.1,294,382,113,177,563,499
ER+SF,1000,3.2,3.2,,3.2,294,380,108,168,566,506
ER+SF,1000,3.2,3.2,,3.3,294,378,105,168,567,504
ER+SF,1000,3.2,3.2,,3.4,294,366,100,162,560,498
ER+SF,1000,3.2,3.2,,3.5,294,359,94,153,559,500
ER+SF,1000,3.2,3.2,,3.6,294,362,107,167,549,489
ER+SF,1000,3.2,3.2,,3.7,294,343,115,166,522,471
ER+SF,1000,3.2,3.2,,3.8,294,350,100,167,544,477
ER+SF,1000,3.2,3.2,,3.9,294,339,95,157,538,476
ER+SF,1000,3.2,3.2,,4.0,294,339,87,160,546,473
ER+SF,1000,3.2,3.2,,4.1,294,337,100,162,531,469
ER+SF,1000,3.2,3.2,,4.2,294,318,93,148,519,464
ER+SF,1000,3.2,3.2,,4.3,294,325,103,157,516,462
ER+SF,1000,3.2,3.2,,4.4,294,326,84,158,536,462
ER+SF,1000,3.2,3.2,,4.5,294,310,94,156,510,448
ER+SF,1000,3.2,3.2,,4.6,294,332,83,153,543,473
ER+SF,1000,3.2,3.2,,4.7,294,315,91,144,518,465
ER+SF,1000,3.2,3.2,,4.8,294,322,89,166,527,450
ER+SF,1000,3.2,3.2,,4.9,294,322,96,154,520,462
ER+SF,1000,3.2,3.2,,5.0,294,311,83,147,522,458
ER+SF,1000,3.3,3.3,,2.0,278,702,203,230,777,750
ER+SF,1000,3.3,3.3,,2.1,278,647,185,221,740,704
ER+SF,1000,3.3,3.3,,2.2,278,575,168,214,685,639
ER+SF,1000,3.3,3.3,,2.3,278,551,153,204,676,625
ER+SF,1000,3.3,3.3,,2.4,278,519,154,206,643,591
ER+SF,1000,3.3,3.3,,2.5,278,506,150,206,634,578
ER+SF,1000,3.3,3.3,,2.6,278,460,124,187,614,551
ER+SF,1000,3.3,3.3,,2.7,278,440,118,174,600,544
ER+SF,1000,3.3,3.3,,2.8,278,421,118,172,581,527
ER+SF,1000,3.3,3.3,,2.9,278,402,115,169,565,511
ER+SF,1000,3.3,3.3,,3.0,278,392,101,162,569,508
ER+SF,1000,3.3,3.3,,3.1,278,391,117,185,552,484
ER+SF,1000,3.3,3.3,,3.2,278,363,92,147,549,494
ER+SF,1000,3.3,3.3,,3.3,278,367,100,168,545,477
ER+SF,1000,3.3,3.3,,3.4,278,361,96,160,543,479
ER+SF,1000,3.3,3.3,,3.5,278,360,98,162,540,476
ER+SF,1000,3.3,3.3,,3.6,278,355,107,157,526,476
ER+SF,1000,3.3,3.3,,3.7,278,353,100,155,531,476
ER+SF,1000,3.3,3.3,,3.8,278,337,93,157,522,458
ER+SF,1000,3.3,3.3,,3.9,278,330,85,157,523,451
ER+SF,1000,3.3,3.3,,4.0,278,322,77,148,523,452
ER+SF,1000,3.3,3.3,,4.1,278,320,98,153,500,445
ER+SF,1000,3.3,3.3,,4.2,278,322,82,150,518,450
ER+SF,1000,3.3,3.3,,4.3,278,315,78,142,515,451
ER+SF,1000,3.3,3.3,,4.4,278,313,88,149,503,442
ER+SF,1000,3.3,3.3,,4.5,278,312,84,143,506,447
ER+SF,1000,3.3,3.3,,4.6,278,313,94,159,497,432
ER+SF,1000,3.3,3.3,,4.7,278,308,90,151,496,435
ER+SF,1000,3.3,3.3,,4.8,278,302,84,145,496,435
ER+SF,1000,3.3,3.3,,4.9,278,318,90,153,506,443
ER+SF,1000,3.3,3.3,,5.0,278,296,77,147,497,427
ER+SF,1000,3.4,3.4,,2.0,284,697,199,230,782,751
ER+SF,1000,3.4,3.4,,2.1,284,634,186,230,732,688
ER+SF,1000,3.4,3.4,,2.2,284,557,149,207,692,634
ER+SF,1000,3.4,3.4,,2.3,284,567,164,214,687,637
ER+SF,1000,3.4,3.4,,2.4,284,511,154,200,641,595
ER+SF,1000,3.4,3.4,,2.5,284,487,131,198,640,573
ER+SF,1000,3.4,3.4,,2.6,284,449,123,187,610,546
ER+SF,1000,3.4,3.4,,2.7,284,436,123,181,597,539
ER+SF,1000,3.4,3.4,,2.8,284,408,120,173,572,519
ER+SF,1000,3.4,3.4,,2.9,284,394,106,174,572,504
ER+SF,1000,3.4,3.4,,3.0,284,374,101,154,557,504
ER+SF,1000,3.4,3.4,,3.1,284,377,112,172,549,489
ER+SF,1000,3.4,3.4,,3.2,284,367,97,151,554,500
ER+SF,1000,3.4,3.4,,3.3,284,337,107,166,514,455
ER+SF,1000,3.4,3.4,,3.4,284,344,102,175,526,453
ER+SF,1000,3.4,3.4,,3.5,284,348,99,164,533,468
ER+SF,1000,3.4,3.4,,3.6,284,340,102,160,522,464
ER+SF,1000,3.4,3.4,,3.7,284,323,98,153,509,454
ER+SF,1000,3.4,3.4,,3.8,284,313,84,138,513,459
ER+SF,1000,3.4,3.4,,3.9,284,325,90,157,519,452
ER+SF,1000,3.4,3.4,,4.0,284,323,91,153,516,454
ER+SF,1000,3.4,3.4,,4.1,284,314,87,157,511,441
ER+SF,1000,3.4,3.4,,4.2,284,329,97,170,516,443
ER+SF,1000,3.4,3.4,,4.3,284,298,78,151,504,431
ER+SF,1000,3.4,3.4,,4.4,284,309,92,156,501,437
ER+SF,1000,3.4,3.4,,4.5,284,297,83,151,498,430
ER+SF,1000,3.4,3.4,,4.6,284,296,93,151,487,429
ER+SF,1000,3.4,3.4,,4.7,284,306,86,151,504,439
ER+SF,1000,3.4,3.4,,4.8,284,295,79,154,500,425
ER+SF,1000,3.4,3.4,,4.9,284,308,87,151,505,441
ER+SF,1000,3.4,3.4,,5.0,284,299,84,152,499,431
ER+SF,1000,3.5,3.5,,2.0,266,696,199,234,763,728
ER+SF,1000,3.5,3.5,,2.1,266,640,180,208,726,698
ER+SF,1000,3.5,3.5,,2.2,266,565,149,194,682,637
ER+SF,1000,3.5,3.5,,2.3,266,547,151,204,662,609
ER+SF,1000,3.5,3.5,,2.4,266,528,147,189,647,605
ER+SF,1000,3.5,3.5,,2.5,266,459,130,183,595,542
ER+SF,1000,3.5,3.5,,2.6,266,449,130,176,585,539
ER+SF,1000,3.5,3.5,,2.7,266,425,120,170,571,521
ER+SF,1000,3.5,3.5,,2.8,266,412,111,167,567,511
ER+SF,1000,3.5,3.5,,2.9,266,399,116,165,549,500
ER+SF,1000,3.5,3.5,,3.0,266,369,108,163,527,472
ER+SF,1000,3.5,3.5,,3.1,266,368,94,155,540,479
ER+SF,1000,3.5,3.5,,3.2,266,333,91,148,508,451
ER+SF,1000,3.5,3.5,,3.3,266,350,93,145,523,471
ER+SF,1000,3.5,3.5,,3.4,266,346,94,151,518,461
ER+SF,1000,3.5,3.5,,3.5,266,335,99,154,502,447
ER+SF,1000,3.5,3.5,,3.6,266,336,90,155,512,447
ER+SF,1000,3.5,3.5,,3.7,266,332,81,138,517,460
ER+SF,1000,3.5,3.5,,3.8,266,313,86,151,493,428
ER+SF,1000,3.5,3.5,,3.9,266,294,83,147,477,413
ER+SF,1000,3.5,3.5,,4.0,266,307,87,151,486,422
ER+SF,1000,3.5,3.5,,4.1,266,304,95,150,475,420
ER+SF,1000,3.5,3.5,,4.2,266,309,88,150,487,425
ER+SF,1000,3.5,3.5,,4.3,266,291,71,132,486,425
ER+SF,1000,3.5,3.5,,4.4,266,297,77,144,486,419
ER+SF,1000,3.5,3.5,,4.5,266,301,82,140,485,427
ER+SF,1000,3.5,3.5,,4.6,266,293,79,138,480,421
ER+SF,1000,3.5,3.5,,4.7,266,297,87,142,476,421
ER+SF,1000,3.5,3.5,,4.8,266,293,73,130,486,429
ER+SF,1000,3.5,3.5,,4.9,266,294,70,130,490,430
ER+SF,1000,3.5,3.5,,5.0,266,295,81,142,480,419
ER+SF,1000,3.6,3.6,,2.0,266,675,184,226,757,715
ER+SF,1000,3.6,3.6,,2.1,266,623,169,215,720,674
ER+SF,1000,3.6,3.6,,2.2,266,581,154,211,693,636
ER+SF,1000,3.6,3.6,,2.3,266,535,143,195,658,606
ER+SF,1000,3.6,3.6,,2.4,266,508,143,190,631,584
ER+SF,1000,3.6,3.6,,2.5,266,458,136,191,588,533
ER+SF,1000,3.6,3.6,,2.6,266,443,123,181,586,528
ER+SF,1000,3.6,3.6,,2.7,266,428,121,166,573,528
ER+SF,1000,3.6,3.6,,2.8,266,397,121,181,542,482
ER+SF,1000,3.6,3.6,,2.9,266,383,109,170,540,479
ER+SF,1000,3.6,3.6,,3.0,266,368,105,158,529,476
ER+SF,1000,3.6,3.6,,3.1,266,374,99,175,541,465
ER+SF,1000,3.6,3.6,,3.2,266,345,94,163,517,448
ER+SF,1000,3.6,3.6,,3.3,266,332,88,150,510,448
ER+SF,1000,3.6,3.6,,3.4,266,330,86,151,510,445
ER+SF,1000,3.6,3.6,,3.5,266,312,87,137,491,441
ER+SF,1000,3.6,3.6,,3.6,266,322,88,147,500,441
ER+SF,1000,3.6,3.6,,3.7,266,310,95,158,481,418
ER+SF,1000,3.6,3.6,,3.8,266,296,87,142,475,420
ER+SF,1000,3.6,3.6,,3.9,266,306,79,143,493,429
ER+SF,1000,3.6,3.6,,4.0,266,281,70,134,477,413
ER+SF,1000,3.6,3.6,,4.1,266,297,84,144,479,419
ER+SF,1000,3.6,3.6,,4.2,266,283,76,141,473,408
ER+SF,1000,3.6,3.6,,4.3,266,286,68,134,484,418
ER+SF,1000,3.6,3.6,,4.4,266,292,91,149,467,409
ER+SF,1000,3.6,3.6,,4.5,266,285,78,133,473,418
ER+SF,1000,3.6,3.6,,4.6,266,273,75,132,464,407
ER+SF,1000,3.6,3.6,,4.7,266,279,74,136,471,409
ER+SF,1000,3.6,3.6,,4.8,266,270,75,138,461,398
ER+SF,1000,3.6,3.6,,4.9,266,288,79,147,475,407
ER+SF,1000,3.6,3.6,,5.0,266,267,78,135,455,398
ER+SF,1000,3.7,3.7,,2.0,243,681,160,191,764,733
ER+SF,1000,3.7,3.7,,2.1,243,634,144,195,733,682
ER+SF,1000,3.7,3.7,,2.2,243,572,135,183,680,632
ER+SF,1000,3.7,3.7,,2.3,243,525,123,178,645,590
ER+SF,1000,3.7,3.7,,2.4,243,490,123,167,610,566
ER+SF,1000,3.7,3.7,,2.5,243,472,109,167,606,548
ER+SF,1000,3.7,3.7,,2.6,243,453,119,169,577,527
ER+SF,1000,3.7,3.7,,2.7,243,397,87,145,553,495
ER+SF,1000,3.7,3.7,,2.8,243,399,98,163,544,479
ER+SF,1000,3.7,3.7,,2.9,243,368,90,158,521,453
ER+SF,1000,3.7,3.7,,3.0,243,353,88,145,508,451
ER+SF,1000,3.7,3.7,,3.1,243,357,76,148,524,452
ER+SF,1000,3.7,3.7,,3.2,243,346,88,134,501,455
ER+SF,1000,3.7,3.7,,3.3,243,315,75,136,483,422
ER+SF,1000,3.7,3.7,,3.4,243,307,78,135,472,415
ER+SF,1000,3.7,3.7,,3.5,243,308,60,125,491,426
ER+SF,1000,3.7,3.7,,3.6,243,298,77,134,464,407
ER+SF,1000,3.7,3.7,,3.7,243,301,60,115,484,429
ER+SF,1000,3.7,3.7,,3.8,243,303,73,137,473,409
ER+SF,1000,3.7,3.7,,3.9,243,305,68,130,480,418
ER+SF,1000,3.7,3.7,,4.0,243,283,63,124,463,402
ER+SF,1000,3.7,3.7,,4.1,243,301,81,143,463,401
ER+SF,1000,3.7,3.7,,4.2,243,290,69,133,464,400
ER+SF,1000,3.7,3.7,,4.3,243,278,56,115,465,406
ER+SF,1000,3.7,3.7,,4.4,243,281,68,128,456,396
ER+SF,1000,3.7,3.7,,4.5,243,272,60,129,455,386
ER+SF,1000,3.7,3.7,,4.6,243,267,60,125,450,385
ER+SF,1000,3.7,3.7,,4.7,243,281,68,124,456,400
ER+SF,1000,3.7,3.7,,4.8,243,281,72,129,452,395
ER+SF,1000,3.7,3.7,,4.9,243,276,64,124,455,395
ER+SF,1000,3.7,3.7,,5.0,243,262,60,122,445,383
ER+SF,1000,3.8,3.8,,2.0,229,676,160,188,745,717
ER+SF,1000,3.8,3.8,,2.1,229,620,148,181,701,668
ER+SF,1000,3.8,3.8,,2.2,229,544,121,165,652,608
ER+SF,1000,3.8,3.8,,2.3,229,530,126,177,633,582
ER+SF,1000,3.8,3.8,,2.4,229,476,104,148,601,557
ER+SF,1000,3.8,3.8,,2.5,229,460,116,157,573,532
ER+SF,1000,3.8,3.8,,2.6,229,408,98,137,539,500
ER+SF,1000,3.8,3.8,,2.7,229,405,97,148,537,486
ER+SF,1000,3.8,3.8,,2.8,229,392,97,152,524,469
ER+SF,1000,3.8,3.8,,2.9,229,369,99,151,499,447
ER+SF,1000,3.8,3.8,,3.0,229,358,77,136,510,451
ER+SF,1000,3.8,3.8,,3.1,229,336,69,129,496,436
ER+SF,1000,3.8,3.8,,3.2,229,323,90,131,462,421
ER+SF,1000,3.8,3.8,,3.3,229,304,70,128,463,405
ER+SF,1000,3.8,3.8,,3.4,229,301,64,119,466,411
ER+SF,1000,3.8,3.8,,3.5,229,303,80,123,452,409
ER+SF,1000,3.8,3.8,,3.6,229,301,79,135,451,395
ER+SF,1000,3.8,3.8,,3.7,229,292,74,129,447,392
ER+SF,1000,3.8,3.8,,3.8,229,283,76,119,436,393
ER+SF,1000,3.8,3.8,,3.9,229,288,67,120,450,397
ER+SF,1000,3.8,3.8,,4.0,229,293,66,118,456,404
ER+SF,1000,3.8,3.8,,4.1,229,278,67,121,440,386
ER+SF,1000,3.8,3.8,,4.2,229,278,59,113,448,394
ER+SF,1000,3.8,3.8,,4.3,229,261,67,117,423,373
ER+SF,1000,3.8,3.8,,4.4,229,277,60,110,446,396
ER+SF,1000,3.8,3.8,,4.5,229,271,61,109,439,391
ER+SF,1000,3.8,3.8,,4.6,229,269,68,117,430,381
ER+SF,1000,3.8,3.8,,4.7,229,257,67,115,419,371
ER+SF,1000,3.8,3.8,,4.8,229,259,55,111,433,377
ER+SF,1000,3.8,3.8,,4.9,229,257,66,113,420,373
ER+SF,1000,3.8,3.8,,5.0,229,255,59,108,425,376
ER+SF,1000,3.9,3.9,,2.0,213,658,140,181,731,690
ER+SF,1000,3.9,3.9,,2.1,213,613,129,174,697,652
ER+SF,1000,3.9,3.9,,2.2,213,545,120,160,638,598
ER+SF,1000,3.9,3.9,,2.3,213,507,116,162,604,558
ER+SF,1000,3.9,3.9,,2.4,213,477,102,152,588,538
ER+SF,1000,3.9,3.9,,2.5,213,453,101,158,565,508
ER+SF,1000,3.9,3.9,,2.6,213,425,102,154,536,484
ER+SF,1000,3.9,3.9,,2.7,213,381,79,139,515,455
ER+SF,1000,3.9,3.9,,2.8,213,370,87,144,496,439
ER+SF,1000,3.9,3.9,,2.9,213,358,75,151,496,420
ER+SF,1000,3.9,3.9,,3.0,213,335,65,127,483,421
ER+SF,1000,3.9,3.9,,3.1,213,322,56,125,479,410
ER+SF,1000,3.9,3.9,,3.2,213,322,80,134,455,401
ER+SF,1000,3.9,3.9,,3.3,213,322,73,133,462,402
ER+SF,1000,3.9,3.9,,3.4,213,309,64,126,458,396
ER+SF,1000,3.9,3.9,,3.5,213,298,69,126,442,385
ER+SF,1000,3.9,3.9,,3.6,213,293,59,118,447,388
ER+SF,1000,3.9,3.9,,3.7,213,289,62,129,440,373
ER+SF,1000,3.9,3.9,,3.8,213,273,59,118,427,368
ER+SF,1000,3.9,3.9,,3.9,213,274,61,136,426,351
ER+SF,1000,3.9,3.9,,4.0,213,276,65,131,424,358
ER+SF,1000,3.9,3.9,,4.1,213,264,55,116,422,361
ER+SF,1000,3.9,3.9,,4.2,213,270,48,113,435,370
ER+SF,1000,3.9,3.9,,4.3,213,258,55,127,416,344
ER+SF,1000,3.9,3.9,,4.4,213,262,67,126,408,349
ER+SF,1000,3.9,3.9,,4.5,213,256,67,126,402,343
ER+SF,1000,3.9,3.9,,4.6,213,247,45,109,415,351
ER+SF,1000,3.9,3.9,,4.7,213,257,58,117,412,353
ER+SF,1000,3.9,3.9,,4.8,213,246,51,120,408,339
ER+SF,1000,3.9,3.9,,4.9,213,243,45,109,411,347
ER+SF,1000,3.9,3.9,,5.0,213,249,60,110,402,352
ER+SF,1000,4.0,4.0,,2.0,210,662,143,175,729,697
ER+SF,1000,4.0,4.0,,2.1,210,611,131,174,690,647
ER+SF,1000,4.0,4.0,,2.2,210,545,120,162,635,593
ER+SF,1000,4.0,4.0,,2.3,210,501,103,158,608,553
ER+SF,1000,4.0,4.0,,2.4,210,472,98,146,584,536
ER+SF,1000,4.0,4.0,,2.5,210,424,82,141,552,493
ER+SF,1000,4.0,4.0,,2.6,210,410,92,145,528,475
ER+SF,1000,4.0,4.0,,2.7,210,375,70,128,515,457
ER+SF,1000,4.0,4.0,,2.8,210,379,76,138,513,451
ER+SF,1000,4.0,4.0,,2.9,210,370,83,147,497,433
ER+SF,1000,4.0,4.0,,3.0,210,351,79,133,482,428
ER+SF,1000,4.0,4.0,,3.1,210,326,61,129,475,407
ER+SF,1000,4.0,4.0,,3.2,210,307,71,128,446,389
ER+SF,1000,4.0,4.0,,3.3,210,305,62,131,453,384
ER+SF,1000,4.0,4.0,,3.4,210,289,61,119,438,380
ER+SF,1000,4.0,4.0,,3.5,210,276,65,121,421,365
ER+SF,1000,4.0,4.0,,3.6,210,278,62,124,426,364
ER+SF,1000,4.0,4.0,,3.7,210,274,57,119,427,365
ER+SF,1000,4.0,4.0,,3.8,210,268,57,116,421,362
ER+SF,1000,4.0,4.0,,3.9,210,250,49,113,411,347
ER+SF,1000,4.0,4.0,,4.0,210,254,60,113,404,351
ER+SF,1000,4.0,4.0,,4.1,210,260,53,115,417,355
ER+SF,1000,4.0,4.0,,4.2,210,262,51,118,421,354
ER+SF,1000,4.0,4.0,,4.3,210,255,61,110,404,355
ER+SF,1000,4.0,4.0,,4.4,210,249,49,115,410,344
ER+SF,1000,4.0,4.0,,4.5,210,247,62,117,395,340
ER+SF,1000,4.0,4.0,,4.6,210,242,48,101,404,351
ER+SF,1000,4.0,4.0,,4.7,210,244,46,102,408,352
ER+SF,1000,4.0,4.0,,4.8,210,253,63,118,400,345
ER+SF,1000,4.0,4.0,,4.9,210,266,57,121,419,355
ER+SF,1000,4.0,4.0,,5.0,210,253,49,114,414,349
ER+SF,1000,4.1,4.1,,2.0,215,659,139,172,735,702
ER+SF,1000,4.1,4.1,,2.1,215,620,141,175,694,660
ER+SF,1000,4.1,4.1,,2.2,215,531,116,165,630,581
ER+SF,1000,4.1,4.1,,2.3,215,489,98,161,606,543
ER+SF,1000,4.1,4.1,,2.4,215,464,97,148,582,531
ER+SF,1000,4.1,4.1,,2.5,215,423,94,145,544,493
ER+SF,1000,4.1,4.1,,2.6,215,391,90,142,516,464
ER+SF,1000,4.1,4.1,,2.7,215,379,75,129,519,465
ER+SF,1000,4.1,4.1,,2.8,215,357,83,134,489,438
ER+SF,1000,4.1,4.1,,2.9,215,344,80,127,479,432
ER+SF,1000,4.1,4.1,,3.0,215,325,66,122,474,418
ER+SF,1000,4.1,4.1,,3.1,215,319,73,126,461,408
ER+SF,1000,4.1,4.1,,3.2,215,300,69,122,446,393
ER+SF,1000,4.1,4.1,,3.3,215,307,62,112,460,410
ER+SF,1000,4.1,4.1,,3.4,215,278,56,115,437,378
ER+SF,1000,4.1,4.1,,3.5,215,292,60,117,447,390
ER+SF,1000,4.1,4.1,,3.6,215,265,62,118,418,362
ER+SF,1000,4.1,4.1,,3.7,215,266,66,115,415,366
ER+SF,1000,4.1,4.1,,3.8,215,288,69,130,434,373
ER+SF,1000,4.1,4.1,,3.9,215,263,58,120,420,358
ER+SF,1000,4.1,4.1,,4.0,215,266,74,119,407,362
ER+SF,1000,4.1,4.1,,4.1,215,257,60,111,412,361
ER+SF,1000,4.1,4.1,,4.2,215,260,58,115,417,360
ER+SF,1000,4.1,4.1,,4.3,215,227,58,106,384,336
ER+SF,1000,4.1,4.1,,4.4,215,235,54,104,396,346
ER+SF,1000,4.1,4.1,,4.5,215,243,48,100,410,358
ER+SF,1000,4.1,4.1,,4.6,215,239,48,101,406,353
ER+SF,1000,4.1,4.1,,4.7,215,239,65,110,389,344
ER+SF,1000,4.1,4.1,,4.8,215,235,56,112,394,338
ER+SF,1000,4.1,4.1,,4.9,215,224,41,97,398,342
ER+SF,1000,4.1,4.1,,5.0,215,240,56,110,399,345
ER+SF,1000,4.2,4.2,,2.0,193,666,129,159,730,700
ER+SF,1000,4.2,4.2,,2.1,193,595,119,148,669,640
ER+SF,1000,4.2,4.2,,2.2,193,559,102,141,650,611
ER+SF,1000,4.2,4.2,,2.3,193,490,86,138,597,545
ER+SF,1000,4.2,4.2,,2.4,193,458,84,126,567,525
ER+SF,1000,4.2,4.2,,2.5,193,426,91,132,528,487
ER+SF,1000,4.2,4.2,,2.6,193,384,67,127,510,450
ER+SF,1000,4.2,4.2,,2.7,193,376,66,117,503,452
ER+SF,1000,4.2,4.2,,2.8,193,342,52,106,483,429
ER+SF,1000,4.2,4.2,,2.9,193,332,63,116,462,409
ER+SF,1000,4.2,4.2,,3.0,193,315,62,116,446,392
ER+SF,1000,4.2,4.2,,3.1,193,315,57,107,451,401
ER+SF,1000,4.2,4.2,,3.2,193,307,53,107,447,393
ER+SF,1000,4.2,4.2,,3.3,193,299,60,111,432,381
ER+SF,1000,4.2,4.2,,3.4,193,288,54,104,427,377
ER+SF,1000,4.2,4.2,,3.5,193,273,49,105,417,361
ER+SF,1000,4.2,4.2,,3.6,193,264,51,103,406,354
ER+SF,1000,4.2,4.2,,3.7,193,276,55,112,414,357
ER+SF,1000,4.2,4.2,,3.8,193,256,45,111,404,338
ER+SF,1000,4.2,4.2,,3.9,193,237,46,96,384,334
ER+SF,1000,4.2,4.2,,4.0,193,244,45,104,392,333
ER+SF,1000,4.2,4.2,,4.1,193,252,49,102,396,343
ER+SF,1000,4.2,4.2,,4.2,193,229,47,104,375,318
ER+SF,1000,4.2,4.2,,4.3,193,233,44,91,382,335
ER+SF,1000,4.2,4.2,,4.4,193,236,45,94,384,335
ER+SF,1000,4.2,4.2,,4.5,193,232,46,90,379,335
ER+SF,1000,4.2,4.2,,4.6,193,229,41,90,381,332
ER+SF,1000,4.2,4.2,,4.7,193,226,48,92,371,327
ER+SF,1000,4.2,4.2,,4.8,193,210,43,85,360,318
ER+SF,1000,4.2,4.2,,4.9,193,223,41,85,375,331
ER+SF,1000,4.2,4.2,,5.0,193,212,39,82,366,323
ER+SF,1000,4.3,4.3,,2.0,195,658,131,163,722,690
ER+SF,1000,4.3,4.3,,2.1,195,591,121,154,665,632
ER+SF,1000,4.3,4.3,,2.2,195,536,121,157,610,574
ER+SF,1000,4.3,4.3,,2.3,195,480,101,140,574,535
ER+SF,1000,4.3,4.3,,2.4,195,457,84,134,568,518
ER+SF,1000,4.3,4.3,,2.5,195,406,77,125,524,476
ER+SF,1000,4.3,4.3,,2.6,195,389,81,120,503,464
ER+SF,1000,4.3,4.3,,2.7,195,374,72,126,497,443
ER+SF,1000,4.3,4.3,,2.8,195,342,65,120,472,417
ER+SF,1000,4.3,4.3,,2.9,195,325,54,100,466,420
ER+SF,1000,4.3,4.3,,3.0,195,302,53,101,444,396
ER+SF,1000,4.3,4.3,,3.1,195,313,65,112,443,396
ER+SF,1000,4.3,4.3,,3.2,195,275,57,114,413,356
ER+SF,1000,4.3,4.3,,3.3,195,267,63,108,399,354
ER+SF,1000,4.3,4.3,,3.4,195,284,56,112,423,367
ER+SF,1000,4.3,4.3,,3.5,195,270,50,110,415,355
ER+SF,1000,4.3,4.3,,3.6,195,258,50,98,403,355
ER+SF,1000,4.3,4.3,,3.7,195,250,49,102,396,343
ER+SF,1000,4.3,4.3,,3.8,195,251,52,103,394,343
ER+SF,1000,4.3,4.3,,3.9,195,242,46,99,391,338
ER+SF,1000,4.3,4.3,,4.0,195,249,49,102,395,342
ER+SF,1000,4.3,4.3,,4.1,195,238,44,94,389,339
ER+SF,1000,4.3,4.3,,4.2,195,231,43,89,383,337
ER+SF,1000,4.3,4.3,,4.3,195,233,48,99,380,329
ER+SF,1000,4.3,4.3,,4.4,195,220,50,108,365,307
ER+SF,1000,4.3,4.3,,4.5,195,236,43,88,388,343
ER+SF,1000,4.3,4.3,,4.6,195,228,53,96,370,327
ER+SF,1000,4.3,4.3,,4.7,195,222,39,86,378,331
ER+SF,1000,4.3,4.3,,4.8,195,222,48,105,369,312
ER+SF,1000,4.3,4.3,,4.9,195,224,40,98,379,321
ER+SF,1000,4.3,4.3,,5.0,195,211,56,99,350,307
ER+SF,1000,4.4,4.4,,2.0,183,639,113,145,709,677
ER+SF,1000,4.4,4.4,,2.1,183,591,111,149,663,625
ER+SF,1000,4.4,4.4,,2.2,183,528,102,141,609,570
ER+SF,1000,4.4,4.4,,2.3,183,489,96,143,576,529
ER+SF,1000,4.4,4.4,,2.4,183,448,84,137,547,494
ER+SF,1000,4.4,4.4,,2.5,183,405,74,124,514,464
ER+SF,1000,4.4,4.4,,2.6,183,382,71,135,494,430
ER+SF,1000,4.4,4.4,,2.7,183,361,67,124,477,420
ER+SF,1000,4.4,4.4,,2.8,183,340,68,116,455,407
ER+SF,1000,4.4,4.4,,2.9,183,327,60,116,450,394
ER+SF,1000,4.4,4.4,,3.0,183,307,66,120,424,370
ER+SF,1000,4.4,4.4,,3.1,183,271,55,109,399,345
ER+SF,1000,4.4,4.4,,3.2,183,284,53,108,414,359
ER+SF,1000,4.4,4.4,,3.3,183,264,50,107,397,340
ER+SF,1000,4.4,4.4,,3.4,183,262,43,92,402,353
ER+SF,1000,4.4,4.4,,3.5,183,273,51,109,405,347
ER+SF,1000,4.4,4.4,,3.6,183,248,50,102,381,329
ER+SF,1000,4.4,4.4,,3.7,183,239,35,94,387,328
ER+SF,1000,4.4,4.4,,3.8,183,241,42,96,382,328
ER+SF,1000,4.4,4.4,,3.9,183,244,54,90,373,337
ER+SF,1000,4.4,4.4,,4.0,183,241,37,102,387,322
ER+SF,1000,4.4,4.4,,4.1,183,240,52,109,371,314
ER+SF,1000,4.4,4.4,,4.2,183,234,35,94,382,323
ER+SF,1000,4.4,4.4,,4.3,183,215,37,86,361,312
ER+SF,1000,4.4,4.4,,4.4,183,216,35,95,364,304
ER+SF,1000,4.4,4.4,,4.5,183,215,32,86,366,312
ER+SF,1000,4.4,4.4,,4.6,183,221,33,89,371,315
ER+SF,1000,4.4,4.4,,4.7,183,217,42,100,358,300
ER+SF,1000,4.4,4.4,,4.8,183,225,52,107,356,301
ER+SF,1000,4.4,4.4,,4.9,183,207,33,89,357,301
ER+SF,1000,4.4,4.4,,5.0,183,208,33,98,358,293
ER+SF,1000,4.5,4.5,,2.0,174,643,114,135,703,682
ER+SF,1000,4.5,4.5,,2.1,174,583,105,143,652,614
ER+SF,1000,4.5,4.5,,2.2,174,501,89,124,586,551
ER+SF,1000,4.5,4.5,,2.3,174,479,84,124,569,529
ER+SF,1000,4.5,4.5,,2.4,174,438,77,126,535,486
ER+SF,1000,4.5,4.5,,2.5,174,396,67,118,503,452
ER+SF,1000,4.5,4.5,,2.6,174,383,70,121,487,436
ER+SF,1000,4.5,4.5,,2.7,174,360,69,113,465,421
ER+SF,1000,4.5,4.5,,2.8,174,334,69,121,439,387
ER+SF,1000,4.5,4.5,,2.9,174,298,44,99,428,373
ER+SF,1000,4.5,4.5,,3.0,174,300,62,111,412,363
ER+SF,1000,4.5,4.5,,3.1,174,277,51,105,400,346
ER+SF,1000,4.5,4.5,,3.2,174,283,44,89,413,368
ER+SF,1000,4.5,4.5,,3.3,174,246,41,93,379,327
ER+SF,1000,4.5,4.5,,3.4,174,248,43,84,379,338
ER+SF,1000,4.5,4.5,,3.5,174,255,57,99,372,330
ER+SF,1000,4.5,4.5,,3.6,174,242,44,90,372,326
ER+SF,1000,4.5,4.5,,3.7,174,240,41,90,373,324
ER+SF,1000,4.5,4.5,,3.8,174,242,43,100,373,316
ER+SF,1000,4.5,4.5,,3.9,174,243,46,110,371,307
ER+SF,1000,4.5,4.5,,4.0,174,227,31,90,370,311
ER+SF,1000,4.5,4.5,,4.1,174,222,37,86,359,310
ER+SF,1000,4.5,4.5,,4.2,174,222,41,95,355,301
ER+SF,1000,4.5,4.5,,4.3,174,221,41,89,354,306
ER+SF,1000,4.5,4.5,,4.4,174,218,36,94,356,298
ER+SF,1000,4.5,4.5,,4.5,174,218,35,94,357,298
ER+SF,1000,4.5,4.5,,4.6,174,202,31,81,345,295
ER+SF,1000,4.5,4.5,,4.7,174,215,34,85,355,304
ER+SF,1000,4.5,4.5,,4.8,174,197,36,93,335,278
ER+SF,1000,4.5,4.5,,4.9,174,208,35,96,347,286
ER+SF,1000,4.5,4.5,,5.0,174,197,32,83,339,288
ER+SF,1000,4.6,4.6,,2.0,155,629,98,127,686,657
ER+SF,1000,4.6,4.6,,2.1,155,576,78,111,653,620
ER+SF,1000,4.6,4.6,,2.2,155,522,77,106,600,571
ER+SF,1000,4.6,4.6,,2.3,155,457,67,108,545,504
ER+SF,1000,4.6,4.6,,2.4,155,423,57,102,521,476
ER+SF,1000,4.6,4.6,,2.5,155,400,64,99,491,456
ER+SF,1000,4.6,4.6,,2.6,155,370,61,97,464,428
ER+SF,1000,4.6,4.6,,2.7,155,343,61,88,437,410
ER+SF,1000,4.6,4.6,,2.8,155,321,55,91,421,385
ER+SF,1000,4.6,4.6,,2.9,155,317,50,97,422,375
ER+SF,1000,4.6,4.6,,3.0,155,295,40,82,410,368
ER+SF,1000,4.6,4.6,,3.1,155,276,42,90,389,341
ER+SF,1000,4.6,4.6,,3.2,155,272,39,83,388,344
ER+SF,1000,4.6,4.6,,3.3,155,255,39,85,371,325
ER+SF,1000,4.6,4.6,,3.4,155,258,35,81,378,332
ER+SF,1000,4.6,4.6,,3.5,155,254,33,81,376,328
ER+SF,1000,4.6,4.6,,3.6,155,222,32,73,345,304
ER+SF,1000,4.6,4.6,,3.7,155,233,34,84,354,304
ER+SF,1000,4.6,4.6,,3.8,155,235,32,72,358,318
ER+SF,1000,4.6,4.6,,3.9,155,208,35,69,328,294
ER+SF,1000,4.6,4.6,,4.0,155,221,31,83,345,293
ER+SF,1000,4.6,4.6,,4.1,155,210,26,61,339,304
ER+SF,1000,4.6,4.6,,4.2,155,205,31,75,329,285
ER+SF,1000,4.6,4.6,,4.3,155,202,21,69,336,288
ER+SF,1000,4.6,4.6,,4.4,155,206,30,72,331,289
ER+SF,1000,4.6,4.6,,4.5,155,204,40,78,319,281
ER+SF,1000,4.6,4.6,,4.6,155,190,30,60,315,285
ER+SF,1000,4.6,4.6,,4.7,155,188,33,71,310,272
ER+SF,1000,4.6,4.6,,4.8,155,193,27,66,321,282
ER+SF,1000,4.6,4.6,,4.9,155,188,32,68,311,275
ER+SF,1000,4.6,4.6,,5.0,155,192,28,78,319,269
ER+SF,1000,4.7,4.7,,2.0,165,640,110,140,695,665
ER+SF,1000,4.7,4.7,,2.1,165,560,85,130,640,595
ER+SF,1000,4.7,4.7,,2.2,165,521,92,128,594,558
ER+SF,1000,4.7,4.7,,2.3,165,450,84,113,531,502
ER+SF,1000,4.7,4.7,,2.4,165,440,79,118,526,487
ER+SF,1000,4.7,4.7,,2.5,165,385,68,108,482,442
ER+SF,1000,4.7,4.7,,2.6,165,378,65,116,478,427
ER+SF,1000,4.7,4.7,,2.7,165,331,53,103,443,393
ER+SF,1000,4.7,4.7,,2.8,165,321,50,96,436,390
ER+SF,1000,4.7,4.7,,2.9,165,305,49,102,421,368
ER+SF,1000,4.7,4.7,,3.0,165,290,47,96,408,359
ER+SF,1000,4.7,4.7,,3.1,165,249,36,84,378,330
ER+SF,1000,4.7,4.7,,3.2,165,261,38,88,388,338
ER+SF,1000,4.7,4.7,,3.3,165,248,36,88,377,325
ER+SF,1000,4.7,4.7,,3.4,165,255,42,94,378,326
ER+SF,1000,4.7,4.7,,3.5,165,239,43,83,361,321
ER+SF,1000,4.7,4.7,,3.6,165,229,42,89,352,305
ER+SF,1000,4.7,4.7,,3.7,165,214,34,79,345,300
ER+SF,1000,4.7,4.7,,3.8,165,216,28,78,353,303
ER+SF,1000,4.7,4.7,,3.9,165,223,29,80,359,308
ER+SF,1000,4.7,4.7,,4.0,165,201,29,74,337,292
ER+SF,1000,4.7,4.7,,4.1,165,202,28,70,339,297
ER+SF,1000,4.7,4.7,,4.2,165,209,31,85,343,289
ER+SF,1000,4.7,4.7,,4.3,165,195,27,73,333,287
ER+SF,1000,4.7,4.7,,4.4,165,187,37,78,315,274
ER+SF,1000,4.7,4.7,,4.5,165,188,31,71,322,282
ER+SF,1000,4.7,4.7,,4.6,165,182,36,68,311,279
ER+SF,1000,4.7,4.7,,4.7,165,191,37,77,319,279
ER+SF,1000,4.7,4.7,,4.8,165,186,30,88,321,263
ER+SF,1000,4.7,4.7,,4.9,165,199,32,76,332,288
ER+SF,1000,4.7,4.7,,5.0,165,195,30,67,330,293
ER+SF,1000,4.8,4.8,,2.0,134,626,88,107,672,653
ER+SF,1000,4.8,4.8,,2.1,134,556,72,102,618,588
ER+SF,1000,4.8,4.8,,2.2,134,503,70,102,567,535
ER+SF,1000,4.8,4.8,,2.3,134,475,60,94,549,515
ER+SF,1000,4.8,4.8,,2.4,134,417,50,92,501,459
ER+SF,1000,4.8,4.8,,2.5,134,379,49,85,464,428
ER+SF,1000,4.8,4.8,,2.6,134,343,52,88,425,389
ER+SF,1000,4.8,4.8,,2.7,134,317,46,83,405,368
ER+SF,1000,4.8,4.8,,2.8,134,307,31,70,410,371
ER+SF,1000,4.8,4.8,,2.9,134,301,50,79,385,356
ER+SF,1000,4.8,4.8,,3.0,134,278,31,78,381,334
ER+SF,1000,4.8,4.8,,3.1,134,249,32,82,351,301
ER+SF,1000,4.8,4.8,,3.2,134,256,38,74,352,316
ER+SF,1000,4.8,4.8,,3.3,134,247,30,71,351,310
ER+SF,1000,4.8,4.8,,3.4,134,240,31,69,343,305
ER+SF,1000,4.8,4.8,,3.5,134,248,27,72,355,310
ER+SF,1000,4.8,4.8,,3.6,134,217,24,59,327,292
ER+SF,1000,4.8,4.8,,3.7,134,198,26,62,306,270
ER+SF,1000,4.8,4.8,,3.8,134,207,26,66,315,275
ER+SF,1000,4.8,4.8,,3.9,134,186,28,61,292,259
ER+SF,1000,4.8,4.8,,4.0,134,195,23,59,306,270
ER+SF,1000,4.8,4.8,,4.1,134,194,28,60,300,268
ER+SF,1000,4.8,4.8,,4.2,134,192,25,65,301,261
ER+SF,1000,4.8,4.8,,4.3,134,194,25,74,303,254
ER+SF,1000,4.8,4.8,,4.4,134,192,27,62,299,264
ER+SF,1000,4.8,4.8,,4.5,134,198,24,55,308,277
ER+SF,1000,4.8,4.8,,4.6,134,173,28,55,279,252
ER+SF,1000,4.8,4.8,,4.7,134,190,33,72,291,252
ER+SF,1000,4.8,4.8,,4.8,134,169,20,53,283,250
ER+SF,1000,4.8,4.8,,4.9,134,176,21,58,289,252
ER+SF,1000,4.8,4.8,,5.0,134,176,25,55,285,255
ER+SF,1000,4.9,4.9,,2.0,147,625,85,116,687,656
ER+SF,1000,4.9,4.9,,2.1,147,574,84,120,637,601
ER+SF,1000,4.9,4.9,,2.2,147,498,73,115,572,530
ER+SF,1000,4.9,4.9,,2.3,147,436,63,100,520,483
ER+SF,1000,4.9,4.9,,2.4,147,433,61,104,519,476
ER+SF,1000,4.9,4.9,,2.5,147,377,49,93,475,431
ER+SF,1000,4.9,4.9,,2.6,147,357,56,96,448,408
ER+SF,1000,4.9,4.9,,2.7,147,314,46,94,415,367
ER+SF,1000,4.9,4.9,,2.8,147,297,50,85,394,359
ER+SF,1000,4.9,4.9,,2.9,147,290,26,77,411,360
ER+SF,1000,4.9,4.9,,3.0,147,282,43,94,386,335
ER+SF,1000,4.9,4.9,,3.1,147,257,35,86,369,318
ER+SF,1000,4.9,4.9,,3.2,147,228,36,76,339,299
ER+SF,1000,4.9,4.9,,3.3,147,241,36,76,352,312
ER+SF,1000,4.9,4.9,,3.4,147,229,29,76,347,300
ER+SF,1000,4.9,4.9,,3.5,147,213,33,79,327,281
ER+SF,1000,4.9,4.9,,3.6,147,220,34,78,333,289
ER+SF,1000,4.9,4.9,,3.7,147,199,23,70,323,276
ER+SF,1000,4.9,4.9,,3.8,147,191,40,78,298,260
ER+SF,1000,4.9,4.9,,3.9,147,205,26,83,326,269
ER+SF,1000,4.9,4.9,,4.0,147,189,25,63,311,273
ER+SF,1000,4.9,4.9,,4.1,147,183,26,72,304,258
ER+SF,1000,4.9,4.9,,4.2,147,197,24,66,320,278
ER+SF,1000,4.9,4.9,,4.3,147,177,28,73,296,251
ER+SF,1000,4.9,4.9,,4.4,147,170,27,66,290,251
ER+SF,1000,4.9,4.9,,4.5,147,170,28,79,289,238
ER+SF,1000,4.9,4.9,,4.6,147,173,27,65,293,255
ER+SF,1000,4.9,4.9,,4.7,147,181,16,69,312,259
ER+SF,1000,4.9,4.9,,4.8,147,160,24,62,283,245
ER+SF,1000,4.9,4.9,,4.9,147,175,29,77,293,245
ER+SF,1000,4.9,4.9,,5.0,147,171,26,68,292,250
ER+SF,1000,5.0,5.0,,2.0,137,623,83,106,677,654
ER+SF,1000,5.0,5.0,,2.1,137,549,74,103,612,583
ER+SF,1000,5.0,5.0,,2.2,137,503,64,97,576,543
ER+SF,1000,5.0,5.0,,2.3,137,456,66,98,527,495
ER+SF,1000,5.0,5.0,,2.4,137,403,46,86,494,454
ER+SF,1000,5.0,5.0,,2.5,137,377,54,93,460,421
ER+SF,1000,5.0,5.0,,2.6,137,343,51,88,429,392
ER+SF,1000,5.0,5.0,,2.7,137,318,39,87,416,368
ER+SF,1000,5.0,5.0,,2.8,137,298,39,86,396,349
ER+SF,1000,5.0,5.0,,2.9,137,266,37,74,366,329
ER+SF,1000,5.0,5.0,,3.0,137,275,39,83,373,329
ER+SF,1000,5.0,5.0,,3.1,137,249,29,72,357,314
ER+SF,1000,5.0,5.0,,3.2,137,235,36,71,336,301
ER+SF,1000,5.0,5.0,,3.3,137,233,34,73,336,297
ER+SF,1000,5.0,5.0,,3.4,137,215,26,74,326,278
ER+SF,1000,5.0,5.0,,3.5,137,211,33,65,315,283
ER+SF,1000,5.0,5.0,,3.6,137,198,29,70,306,265
ER+SF,1000,5.0,5.0,,3.7,137,201,21,56,317,282
ER+SF,1000,5.0,5.0,,3.8,137,202,30,73,309,266
ER+SF,1000,5.0,5.0,,3.9,137,181,26,63,292,255
ER+SF,1000,5.0,5.0,,4.0,137,176,23,61,290,252
ER+SF,1000,5.0,5.0,,4.1,137,180,15,56,302,261
ER+SF,1000,5.0,5.0,,4.2,137,171,20,59,288,249
ER+SF,1000,5.0,5.0,,4.3,137,185,27,59,295,263
ER+SF,1000,5.0,5.0,,4.4,137,169,20,67,286,239
ER+SF,1000,5.0,5.0,,4.5,137,164,14,52,287,249
ER+SF,1000,5.0,5.0,,4.6,137,167,19,49,285,255
ER+SF,1000,5.0,5.0,,4.7,137,171,31,56,277,252
ER+SF,1000,5.0,5.0,,4.8,137,162,27,65,272,234
ER+SF,1000,5.0,5.0,,4.9,137,161,29,50,269,248
ER+SF,1000,5.0,5.0,,5.0,137,169,23,59,283,247
ER+SF,1000,5.1,5.1,,2.0,121,613,73,104,661,630
ER+SF,1000,5.1,5.1,,2.1,121,540,73,94,588,567
ER+SF,1000,5.1,5.1,,2.2,121,489,66,93,544,517
ER+SF,1000,5.1,5.1,,2.3,121,439,56,92,504,468
ER+SF,1000,5.1,5.1,,2.4,121,395,48,95,468,421
ER+SF,1000,5.1,5.1,,2.5,121,376,47,89,450,408
ER+SF,1000,5.1,5.1,,2.6,121,339,46,88,414,372
ER+SF,1000,5.1,5.1,,2.7,121,306,36,85,391,342
ER+SF,1000,5.1,5.1,,2.8,121,287,35,78,373,330
ER+SF,1000,5.1,5.1,,2.9,121,267,25,76,363,312
ER+SF,1000,5.1,5.1,,3.0,121,258,31,85,348,294
ER+SF,1000,5.1,5.1,,3.1,121,243,32,83,332,281
ER+SF,1000,5.1,5.1,,3.2,121,226,24,61,323,286
ER+SF,1000,5.1,5.1,,3.3,121,218,25,77,314,262
ER+SF,1000,5.1,5.1,,3.4,121,217,26,81,312,257
ER+SF,1000,5.1,5.1,,3.5,121,223,29,78,315,266
ER+SF,1000,5.1,5.1,,3.6,121,196,35,76,282,241
ER+SF,1000,5.1,5.1,,3.7,121,197,21,70,297,248
ER+SF,1000,5.1,5.1,,3.8,121,175,19,61,277,235
ER+SF,1000,5.1,5.1,,3.9,121,183,23,60,281,244
ER+SF,1000,5.1,5.1,,4.0,121,188,19,64,290,245
ER+SF,1000,5.1,5.1,,4.1,121,171,18,70,274,222
ER+SF,1000,5.1,5.1,,4.2,121,169,15,72,275,218
ER+SF,1000,5.1,5.1,,4.3,121,176,26,78,271,219
ER+SF,1000,5.1,5.1,,4.4,121,174,27,66,268,229
ER+SF,1000,5.1,5.1,,4.5,121,174,18,57,277,238
ER+SF,1000,5.1,5.1,,4.6,121,154,22,67,253,208
ER+SF,1000,5.1,5.1,,4.7,121,151,28,68,244,204
ER+SF,1000,5.1,5.1,,4.8,121,151,23,62,249,210
ER+SF,1000,5.1,5.1,,4.9,121,163,22,71,262,213
ER+SF,1000,5.1,5.1,,5.0,121,155,17,67,259,209
ER+SF,1000,5.2,5.2,,2.0,119,613,71,100,661,632
ER+SF,1000,5.2,5.2,,2.1,119,550,67,100,602,569
ER+SF,1000,5.2,5.2,,2.2,119,491,59,93,551,517
ER+SF,1000,5.2,5.2,,2.3,119,432,48,80,503,471
ER+SF,1000,5.2,5.2,,2.4,119,398,50,82,467,435
ER+SF,1000,5.2,5.2,,2.5,119,348,46,87,421,380
ER+SF,1000,5.2,5.2,,2.6,119,328,44,74,403,373
ER+SF,1000,5.2,5.2,,2.7,119,313,32,74,400,358
ER+SF,1000,5.2,5.2,,2.8,119,284,39,78,364,325
ER+SF,1000,5.2,5.2,,2.9,119,256,38,80,337,295
ER+SF,1000,5.2,5.2,,3.0,119,245,35,69,329,295
ER+SF,1000,5.2,5.2,,3.1,119,248,33,77,334,290
ER+SF,1000,5.2,5.2,,3.2,119,236,28,69,327,286
ER+SF,1000,5.2,5.2,,3.3,119,217,28,67,308,269
ER+SF,1000,5.2,5.2,,3.4,119,206,30,58,295,267
ER+SF,1000,5.2,5.2,,3.5,119,207,21,68,305,258
ER+SF,1000,5.2,5.2,,3.6,119,200,22,67,297,252
ER+SF,1000,5.2,5.2,,3.7,119,176,28,69,267,226
ER+SF,1000,5.2,5.2,,3.8,119,181,21,58,279,242
ER+SF,1000,5.2,5.2,,3.9,119,172,19,61,272,230
ER+SF,1000,5.2,5.2,,4.0,119,181,18,61,282,239
ER+SF,1000,5.2,5.2,,4.1,119,168,24,57,263,230
ER+SF,1000,5.2,5.2,,4.2,119,159,19,57,259,221
ER+SF,1000,5.2,5.2,,4.3,119,169,23,53,265,235
ER+SF,1000,5.2,5.2,,4.4,119,159,21,63,257,215
ER+SF,1000,5.2,5.2,,4.5,119,154,16,50,257,223
ER+SF,1000,5.2,5.2,,4.6,119,147,25,56,241,210
ER+SF,1000,5.2,5.2,,4.7,119,154,17,51,256,222
ER+SF,1000,5.2,5.2,,4.8,119,150,21,50,248,219
ER+SF,1000,5.2,5.2,,4.9,119,157,18,53,258,223
ER+SF,1000,5.2,5.2,,5.0,119,153,12,53,260,219
ER+SF,1000,5.3,5.3,,2.0,121,615,72,96,664,640
ER+SF,1000,5.3,5.3,,2.1,121,522,64,90,579,553
ER+SF,1000,5.3,5.3,,2.2,121,464,55,83,530,502
ER+SF,1000,5.3,5.3,,2.3,121,434,45,81,510,474
ER+SF,1000,5.3,5.3,,2.4,121,368,50,84,439,405
ER+SF,1000,5.3,5.3,,2.5,121,361,43,78,439,404
ER+SF,1000,5.3,5.3,,2.6,121,313,35,70,399,364
ER+SF,1000,5.3,5.3,,2.7,121,305,37,76,389,350
ER+SF,1000,5.3,5.3,,2.8,121,270,26,53,365,338
ER+SF,1000,5.3,5.3,,2.9,121,254,36,79,339,296
ER+SF,1000,5.3,5.3,,3.0,121,239,22,69,338,291
ER+SF,1000,5.3,5.3,,3.1,121,220,24,60,317,281
ER+SF,1000,5.3,5.3,,3.2,121,208,15,63,314,266
ER+SF,1000,5.3,5.3,,3.3,121,205,29,51,297,275
ER+SF,1000,5.3,5.3,,3.4,121,217,19,67,319,271
ER+SF,1000,5.3,5.3,,3.5,121,207,27,65,301,263
ER+SF,1000,5.3,5.3,,3.6,121,184,17,59,288,246
ER+SF,1000,5.3,5.3,,3.7,121,172,18,49,275,244
ER+SF,1000,5.3,5.3,,3.8,121,186,27,59,280,248
ER+SF,1000,5.3,5.3,,3.9,121,184,21,48,284,257
ER+SF,1000,5.3,5.3,,4.0,121,171,23,57,269,235
ER+SF,1000,5.3,5.3,,4.1,121,183,28,65,276,239
ER+SF,1000,5.3,5.3,,4.2,121,148,10,46,259,223
ER+SF,1000,5.3,5.3,,4.3,121,153,18,42,256,232
ER+SF,1000,5.3,5.3,,4.4,121,156,18,57,259,220
ER+SF,1000,5.3,5.3,,4.5,121,151,21,54,251,218
ER+SF,1000,5.3,5.3,,4.6,121,151,20,48,252,224
ER+SF,1000,5.3,5.3,,4.7,121,150,24,56,247,215
ER+SF,1000,5.3,5.3,,4.8,121,152,20,58,253,215
ER+SF,1000,5.3,5.3,,4.9,121,136,20,52,237,205
ER+SF,1000,5.3,5.3,,5.0,121,135,11,54,245,202
ER+SF,1000,5.4,5.4,,2.0,105,601,62,85,644,621
ER+SF,1000,5.4,5.4,,2.1,105,541,54,76,592,570
ER+SF,1000,5.4,5.4,,2.2,105,476,48,74,533,507
ER+SF,1000,5.4,5.4,,2.3,105,431,40,72,496,464
ER+SF,1000,5.4,5.4,,2.4,105,386,45,75,446,416
ER+SF,1000,5.4,5.4,,2.5,105,352,32,67,425,390
ER+SF,1000,5.4,5.4,,2.6,105,330,42,65,393,370
ER+SF,1000,5.4,5.4,,2.7,105,301,28,65,378,341
ER+SF,1000,5.4,5.4,,2.8,105,269,24,60,350,314
ER+SF,1000,5.4,5.4,,2.9,105,249,27,58,327,296
ER+SF,1000,5.4,5.4,,3.0,105,244,26,63,323,286
ER+SF,1000,5.4,5.4,,3.1,105,214,25,61,294,258
ER+SF,1000,5.4,5.4,,3.2,105,211,22,56,294,260
ER+SF,1000,5.4,5.4,,3.3,105,201,21,48,285,258
ER+SF,1000,5.4,5.4,,3.4,105,214,21,61,298,258
ER+SF,1000,5.4,5.4,,3.5,105,170,19,45,256,230
ER+SF,1000,5.4,5.4,,3.6,105,167,14,37,258,235
ER+SF,1000,5.4,5.4,,3.7,105,167,17,45,255,227
ER+SF,1000,5.4,5.4,,3.8,105,170,11,47,264,228
ER+SF,1000,5.4,5.4,,3.9,105,173,13,57,265,221
ER+SF,1000,5.4,5.4,,4.0,105,161,18,53,248,213
ER+SF,1000,5.4,5.4,,4.1,105,155,13,54,247,206
ER+SF,1000,5.4,5.4,,4.2,105,160,16,51,249,214
ER+SF,1000,5.4,5.4,,4.3,105,151,13,45,243,211
ER+SF,1000,5.4,5.4,,4.4,105,147,21,54,231,198
ER+SF,1000,5.4,5.4,,4.5,105,135,8,40,232,200
ER+SF,1000,5.4,5.4,,4.6,105,144,19,56,230,193
ER+SF,1000,5.4,5.4,,4.7,105,144,14,42,235,207
ER+SF,1000,5.4,5.4,,4.8,105,140,15,44,230,201
ER+SF,1000,5.4,5.4,,4.9,105,132,12,49,225,188
ER+SF,1000,5.4,5.4,,5.0,105,139,13,40,231,204
ER+SF,1000,5.5,5.5,,2.0,100,607,65,88,642,619
ER+SF,1000,5.5,5.5,,2.1,100,523,48,82,575,541
ER+SF,1000,5.5,5.5,,2.2,100,474,47,71,527,503
ER+SF,1000,5.5,5.5,,2.3,100,413,47,72,466,441
ER+SF,1000,5.5,5.5,,2.4,100,388,31,59,457,429
ER+SF,1000,5.5,5.5,,2.5,100,351,38,72,413,379
ER+SF,1000,5.5,5.5,,2.6,100,308,27,65,381,343
ER+SF,1000,5.5,5.5,,2.7,100,293,26,60,367,333
ER+SF,1000,5.5,5.5,,2.8,100,253,26,60,327,293
ER+SF,1000,5.5,5.5,,2.9,100,239,31,60,308,279
ER+SF,1000,5.5,5.5,,3.0,100,233,25,66,308,267
ER+SF,1000,5.5,5.5,,3.1,100,233,24,62,309,271
ER+SF,1000,5.5,5.5,,3.2,100,200,26,62,274,238
ER+SF,1000,5.5,5.5,,3.3,100,179,13,44,266,235
ER+SF,1000,5.5,5.5,,3.4,100,200,16,52,284,248
ER+SF,1000,5.5,5.5,,3.5,100,176,14,51,262,225
ER+SF,1000,5.5,5.5,,3.6,100,162,12,49,250,213
ER+SF,1000,5.5,5.5,,3.7,100,169,20,52,249,217
ER+SF,1000,5.5,5.5,,3.8,100,172,18,57,254,215
ER+SF,1000,5.5,5.5,,3.9,100,166,22,59,244,207
ER+SF,1000,5.5,5.5,,4.0,100,148,13,44,235,204
ER+SF,1000,5.5,5.5,,4.1,100,151,19,53,232,198
ER+SF,1000,5.5,5.5,,4.2,100,157,18,54,239,203
ER+SF,1000,5.5,5.5,,4.3,100,157,13,54,244,203
ER+SF,1000,5.5,5.5,,4.4,100,131,9,39,222,192
ER+SF,1000,5.5,5.5,,4.5,100,136,18,45,218,191
ER+SF,1000,5.5,5.5,,4.6,100,136,15,47,221,189
ER+SF,1000,5.5,5.5,,4.7,100,142,13,43,229,199
ER+SF,1000,5.5,5.5,,4.8,100,125,14,46,211,179
ER+SF,1000,5.5,5.5,,4.9,100,139,7,38,232,201
ER+SF,1000,5.5,5.5,,5.0,100,122,16,49,206,173
ER+SF,1000,5.6,5.6,,2.0,90,607,62,75,635,622
ER+SF,1000,5.6,5.6,,2.1,90,538,49,65,579,563
ER+SF,1000,5.6,5.6,,2.2,90,467,36,55,521,502
ER+SF,1000,5.6,5.6,,2.3,90,427,41,63,476,454
ER+SF,1000,5.6,5.6,,2.4,90,366,32,54,424,402
ER+SF,1000,5.6,5.6,,2.5,90,354,35,56,409,388
ER+SF,1000,5.6,5.6,,2.6,90,302,36,53,356,339
ER+SF,1000,5.6,5.6,,2.7,90,294,24,54,360,330
ER+SF,1000,5.6,5.6,,2.8,90,246,23,45,313,291
ER+SF,1000,5.6,5.6,,2.9,90,232,23,42,299,280
ER+SF,1000,5.6,5.6,,3.0,90,218,13,39,295,269
ER+SF,1000,5.6,5.6,,3.1,90,208,20,42,278,256
ER+SF,1000,5.6,5.6,,3.2,90,218,17,43,291,265
ER+SF,1000,5.6,5.6,,3.3,90,182,14,41,258,231
ER+SF,1000,5.6,5.6,,3.4,90,187,16,39,261,238
ER+SF,1000,5.6,5.6,,3.5,90,178,20,41,248,227
ER+SF,1000,5.6,5.6,,3.6,90,168,16,30,242,228
ER+SF,1000,5.6,5.6,,3.7,90,174,15,39,249,225
ER+SF,1000,5.6,5.6,,3.8,90,155,20,35,225,210
ER+SF,1000,5.6,5.6,,3.9,90,138,7,34,221,194
ER+SF,1000,5.6,5.6,,4.0,90,159,13,43,236,206
ER+SF,1000,5.6,5.6,,4.1,90,129,9,30,210,189
ER+SF,1000,5.6,5.6,,4.2,90,140,11,31,219,199
ER+SF,1000,5.6,5.6,,4.3,90,142,13,28,219,204
ER+SF,1000,5.6,5.6,,4.4,90,133,10,33,213,190
ER+SF,1000,5.6,5.6,,4.5,90,130,5,28,215,192
ER+SF,1000,5.6,5.6,,4.6,90,119,9,26,200,183
ER+SF,1000,5.6,5.6,,4.7,90,113,11,30,192,173
ER+SF,1000,5.6,5.6,,4.8,90,117,9,29,198,178
ER+SF,1000,5.6,5.6,,4.9,90,117,11,32,196,175
ER+SF,1000,5.6,5.6,,5.0,90,130,11,30,209,190
ER+SF,1000,5.7,5.7,,2.0,79,579,38,57,620,601
ER+SF,1000,5.7,5.7,,2.1,79,521,41,58,559,542
ER+SF,1000,5.7,5.7,,2.2,79,459,38,59,500,479
ER+SF,1000,5.7,5.7,,2.3,79,420,38,62,461,437
ER+SF,1000,5.7,5.7,,2.4,79,380,30,52,429,407
ER+SF,1000,5.7,5.7,,2.5,79,348,25,43,402,384
ER+SF,1000,5.7,5.7,,2.6,79,297,27,56,349,320
ER+SF,1000,5.7,5.7,,2.7,79,283,19,49,343,313
ER+SF,1000,5.7,5.7,,2.8,79,250,27,48,302,281
ER+SF,1000,5.7,5.7,,2.9,79,240,19,41,300,278
ER+SF,1000,5.7,5.7,,3.0,79,216,16,44,279,251
ER+SF,1000,5.7,5.7,,3.1,79,214,19,52,274,241
ER+SF,1000,5.7,5.7,,3.2,79,204,21,38,262,245
ER+SF,1000,5.7,5.7,,3.3,79,186,14,40,251,225
ER+SF,1000,5.7,5.7,,3.4,79,183,19,48,243,214
ER+SF,1000,5.7,5.7,,3.5,79,181,13,33,247,227
ER+SF,1000,5.7,5.7,,3.6,79,175,10,40,244,214
ER+SF,1000,5.7,5.7,,3.7,79,156,10,36,225,199
ER+SF,1000,5.7,5.7,,3.8,79,148,13,39,214,188
ER+SF,1000,5.7,5.7,,3.9,79,133,17,34,195,178
ER+SF,1000,5.7,5.7,,4.0,79,145,13,34,211,190
ER+SF,1000,5.7,5.7,,4.1,79,125,6,33,198,171
ER+SF,1000,5.7,5.7,,4.2,79,132,16,31,195,180
ER+SF,1000,5.7,5.7,,4.3,79,139,13,38,205,180
ER+SF,1000,5.7,5.7,,4.4,79,135,9,35,205,179
ER+SF,1000,5.7,5.7,,4.5,79,125,5,21,199,183
ER+SF,1000,5.7,5.7,,4.6,79,132,10,40,201,171
ER+SF,1000,5.7,5.7,,4.7,79,107,10,28,176,158
ER+SF,1000,5.7,5.7,,4.8,79,120,5,29,194,170
ER+SF,1000,5.7,5.7,,4.9,79,102,9,30,172,151
ER+SF,1000,5.7,5.7,,5.0,79,112,11,30,180,161
ER+SF,1000,5.8,5.8,,2.0,80,591,52,65,619,606
ER+SF,1000,5.8,5.8,,2.1,80,533,51,70,562,543
ER+SF,1000,5.8,5.8,,2.2,80,465,36,59,509,486
ER+SF,1000,5.8,5.8,,2.3,80,413,37,56,456,437
ER+SF,1000,5.8,5.8,,2.4,80,358,31,49,407,389
ER+SF,1000,5.8,5.8,,2.5,80,316,26,48,370,348
ER+SF,1000,5.8,5.8,,2.6,80,304,25,47,359,337
ER+SF,1000,5.8,5.8,,2.7,80,274,18,44,336,310
ER+SF,1000,5.8,5.8,,2.8,80,249,27,46,302,283
ER+SF,1000,5.8,5.8,,2.9,80,219,15,44,284,255
ER+SF,1000,5.8,5.8,,3.0,80,218,15,42,283,256
ER+SF,1000,5.8,5.8,,3.1,80,202,17,43,265,239
ER+SF,1000,5.8,5.8,,3.2,80,182,16,39,246,223
ER+SF,1000,5.8,5.8,,3.3,80,187,20,41,247,226
ER+SF,1000,5.8,5.8,,3.4,80,165,19,42,226,203
ER+SF,1000,5.8,5.8,,3.5,80,165,14,36,231,209
ER+SF,1000,5.8,5.8,,3.6,80,161,19,37,222,204
ER+SF,1000,5.8,5.8,,3.7,80,149,18,43,211,186
ER+SF,1000,5.8,5.8,,3.8,80,142,7,34,215,188
ER+SF,1000,5.8,5.8,,3.9,80,131,9,23,202,188
ER+SF,1000,5.8,5.8,,4.0,80,127,7,21,200,186
ER+SF,1000,5.8,5.8,,4.1,80,131,10,30,201,181
ER+SF,1000,5.8,5.8,,4.2,80,134,9,26,205,188
ER+SF,1000,5.8,5.8,,4.3,80,121,10,21,191,180
ER+SF,1000,5.8,5.8,,4.4,80,122,9,25,193,177
ER+SF,1000,5.8,5.8,,4.5,80,112,7,33,185,159
ER+SF,1000,5.8,5.8,,4.6,80,122,9,23,193,179
ER+SF,1000,5.8,5.8,,4.7,80,112,4,25,188,167
ER+SF,1000,5.8,5.8,,4.8,80,108,7,28,181,160
ER+SF,1000,5.8,5.8,,4.9,80,112,9,31,183,161
ER+SF,1000,5.8,5.8,,5.0,80,109,10,25,179,164
ER+SF,1000,5.9,5.9,,2.0,73,572,45,56,600,589
ER+SF,1000,5.9,5.9,,2.1,73,505,35,50,543,528
ER+SF,1000,5.9,5.9,,2.2,73,453,34,51,492,475
ER+SF,1000,5.9,5.9,,2.3,73,412,28,51,457,434
ER+SF,1000,5.9,5.9,,2.4,73,378,26,52,425,399
ER+SF,1000,5.9,5.9,,2.5,73,325,23,50,375,348
ER+SF,1000,5.9,5.9,,2.6,73,288,21,43,340,318
ER+SF,1000,5.9,5.9,,2.7,73,274,15,42,332,305
ER+SF,1000,5.9,5.9,,2.8,73,252,22,39,303,286
ER+SF,1000,5.9,5.9,,2.9,73,216,18,43,271,246
ER+SF,1000,5.9,5.9,,3.0,73,193,21,38,245,228
ER+SF,1000,5.9,5.9,,3.1,73,206,15,41,264,238
ER+SF,1000,5.9,5.9,,3.2,73,173,10,37,236,209
ER+SF,1000,5.9,5.9,,3.3,73,172,7,41,238,204
ER+SF,1000,5.9,5.9,,3.4,73,165,11,32,227,206
ER+SF,1000,5.9,5.9,,3.5,73,158,5,27,226,204
ER+SF,1000,5.9,5.9,,3.6,73,157,11,39,219,191
ER+SF,1000,5.9,5.9,,3.7,73,142,9,24,206,191
ER+SF,1000,5.9,5.9,,3.8,73,142,8,28,207,187
ER+SF,1000,5.9,5.9,,3.9,73,133,10,42,196,164
ER+SF,1000,5.9,5.9,,4.0,73,125,13,29,185,169
ER+SF,1000,5.9,5.9,,4.1,73,122,12,29,183,166
ER+SF,1000,5.9,5.9,,4.2,73,125,8,23,190,175
ER+SF,1000,5.9,5.9,,4.3,73,112,11,28,174,157
ER+SF,1000,5.9,5.9,,4.4,73,112,4,15,181,170
ER+SF,1000,5.9,5.9,,4.5,73,112,4,19,181,166
ER+SF,1000,5.9,5.9,,4.6,73,114,15,28,172,159
ER+SF,1000,5.9,5.9,,4.7,73,101,8,26,166,148
ER+SF,1000,5.9,5.9,,4.8,73,109,8,23,174,159
ER+SF,1000,5.9,5.9,,4.9,73,115,12,27,176,161
ER+SF,1000,5.9,5.9,,5.0,73,109,9,20,173,162
ER+SF,1000,6.0,6.0,,2.0,94,564,46,66,612,592
ER+SF,1000,6.0,6.0,,2.1,94,516,41,66,569,544
ER+SF,1000,6.0,6.0,,2.2,94,460,40,70,514,484
ER+SF,1000,6.0,6.0,,2.3,94,417,39,65,472,446
ER+SF,1000,6.0,6.0,,2.4,94,338,27,61,405,371
ER+SF,1000,6.0,6.0,,2.5,94,312,27,47,379,359
ER+SF,1000,6.0,6.0,,2.6,94,267,23,55,338,306
ER+SF,1000,6.0,6.0,,2.7,94,264,23,50,335,308
ER+SF,1000,6.0,6.0,,2.8,94,244,22,43,316,295
ER+SF,1000,6.0,6.0,,2.9,94,217,22,40,289,271
ER+SF,1000,6.0,6.0,,3.0,94,198,13,40,279,252
ER+SF,1000,6.0,6.0,,3.1,94,181,15,38,260,237
ER+SF,1000,6.0,6.0,,3.2,94,182,19,42,257,234
ER+SF,1000,6.0,6.0,,3.3,94,173,14,45,253,222
ER+SF,1000,6.0,6.0,,3.4,94,148,12,34,230,208
ER+SF,1000,6.0,6.0,,3.5,94,173,15,47,252,220
ER+SF,1000,6.0,6.0,,3.6,94,139,9,37,224,196
ER+SF,1000,6.0,6.0,,3.7,94,157,19,48,232,203
ER+SF,1000,6.0,6.0,,3.8,94,140,12,27,222,207
ER+SF,1000,6.0,6.0,,3.9,94,120,14,37,200,177
ER+SF,1000,6.0,6.0,,4.0,94,129,14,31,209,192
ER+SF,1000,6.0,6.0,,4.1,94,121,12,25,203,190
ER+SF,1000,6.0,6.0,,4.2,94,121,9,21,206,194
ER+SF,1000,6.0,6.0,,4.3,94,114,10,33,198,175
ER+SF,1000,6.0,6.0,,4.4,94,122,10,38,206,178
ER+SF,1000,6.0,6.0,,4.5,94,113,7,17,200,190
ER+SF,1000,6.0,6.0,,4.6,94,102,14,24,182,172
ER+SF,1000,6.0,6.0,,4.7,94,107,12,33,189,168
ER+SF,1000,6.0,6.0,,4.8,94,112,6,17,200,189
ER+SF,1000,6.0,6.0,,4.9,94,95,6,15,183,174
ER+SF,1000,6.0,6.0,,5.0,94,94,9,29,179,159
