type,n,k,gamma,seq,MDS1,MDS2,pre_intersection,intersection,pre_union,union
ER+ER,1000,1.0,,0,645,650,416,436,879,859
ER+ER,1000,1.0,,1,645,650,416,436,879,859
ER+ER,1000,1.0,,2,645,650,419,436,876,859
ER+ER,1000,1.0,,3,645,650,415,436,880,859
ER+ER,1000,1.0,,4,645,650,414,436,881,859
ER+ER,1000,1.0,,5,645,650,412,436,883,859
ER+ER,1000,1.0,,6,645,650,422,436,873,859
ER+ER,1000,1.0,,7,645,650,415,436,880,859
ER+ER,1000,1.0,,8,645,650,413,436,882,859
ER+ER,1000,1.0,,9,645,650,421,436,874,859
ER+ER,1000,1.1,,0,629,625,392,415,862,839
ER+ER,1000,1.1,,1,629,625,394,415,860,839
ER+ER,1000,1.1,,2,629,625,392,415,862,839
ER+ER,1000,1.1,,3,629,625,392,415,862,839
ER+ER,1000,1.1,,4,629,625,387,415,867,839
ER+ER,1000,1.1,,5,629,625,389,415,865,839
ER+ER,1000,1.1,,6,629,625,395,415,859,839
ER+ER,1000,1.1,,7,629,625,392,415,862,839
ER+ER,1000,1.1,,8,629,625,393,415,861,839
ER+ER,1000,1.1,,9,629,625,392,415,862,839
ER+ER,1000,1.2,,0,612,599,370,389,841,822
ER+ER,1000,1.2,,1,612,599,361,389,850,822
ER+ER,1000,1.2,,2,612,599,363,389,848,822
ER+ER,1000,1.2,,3,612,599,363,389,848,822
ER+ER,1000,1.2,,4,612,599,355,389,856,822
ER+ER,1000,1.2,,5,612,599,364,389,847,822
ER+ER,1000,1.2,,6,612,599,363,389,848,822
ER+ER,1000,1.2,,7,612,599,364,389,847,822
ER+ER,1000,1.2,,8,612,599,362,389,849,822
ER+ER,1000,1.2,,9,612,599,358,389,853,822
ER+ER,1000,1.3,,0,572,592,332,353,832,811
ER+ER,1000,1.3,,1,572,592,325,353,839,811
ER+ER,1000,1.3,,2,572,592,336,353,828,811
ER+ER,1000,1.3,,3,572,592,328,353,836,811
ER+ER,1000,1.3,,4,572,592,326,353,838,811
ER+ER,1000,1.3,,5,572,592,321,353,843,811
ER+ER,1000,1.3,,6,572,592,322,353,842,811
ER+ER,1000,1.3,,7,572,592,321,353,843,811
ER+ER,1000,1.3,,8,572,592,325,353,839,811
ER+ER,1000,1.3,,9,572,592,324,353,840,811
ER+ER,1000,1.4,,0,562,575,311,355,826,782
ER+ER,1000,1.4,,1,562,575,316,355,821,782
ER+ER,1000,1.4,,2,562,575,310,355,827,782
ER+ER,1000,1.4,,3,562,575,311,355,826,782
ER+ER,1000,1.4,,4,562,575,312,355,825,782
ER+ER,1000,1.4,,5,562,575,314,355,823,782
ER+ER,1000,1.4,,6,562,575,315,355,822,782
ER+ER,1000,1.4,,7,562,575,314,355,823,782
ER+ER,1000,1.4,,8,562,575,309,355,828,782
ER+ER,1000,1.4,,9,562,575,310,355,827,782
ER+ER,1000,1.5,,0,544,541,298,338,787,747
ER+ER,1000,1.5,,1,544,541,296,338,789,747
ER+ER,1000,1.5,,2,544,541,290,338,795,747
ER+ER,1000,1.5,,3,544,541,297,338,788,747
ER+ER,1000,1.5,,4,544,541,297,338,788,747
ER+ER,1000,1.5,,5,544,541,299,338,786,747
ER+ER,1000,1.5,,6,544,541,300,338,785,747
ER+ER,1000,1.5,,7,544,541,300,338,785,747
ER+ER,1000,1.5,,8,544,541,303,338,782,747
ER+ER,1000,1.5,,9,544,541,296,338,789,747
ER+ER,1000,1.6,,0,520,527,278,324,769,723
ER+ER,1000,1.6,,1,520,527,279,324,768,723
ER+ER,1000,1.6,,2,520,527,275,324,772,723
ER+ER,1000,1.6,,3,520,527,276,324,771,723
ER+ER,1000,1.6,,4,520,527,276,324,771,723
ER+ER,1000,1.6,,5,520,527,280,324,767,723
ER+ER,1000,1.6,,6,520,527,284,324,763,723
ER+ER,1000,1.6,,7,520,527,278,324,769,723
ER+ER,1000,1.6,,8,520,527,269,324,778,723
ER+ER,1000,1.6,,9,520,527,284,324,763,723
ER+ER,1000,1.7,,0,507,500,247,290,760,717
ER+ER,1000,1.7,,1,507,500,252,290,755,717
ER+ER,1000,1.7,,2,507,500,243,290,764,717
ER+ER,1000,1.7,,3,507,500,256,290,751,717
ER+ER,1000,1.7,,4,507,500,251,290,756,717
ER+ER,1000,1.7,,5,507,500,246,290,761,717
ER+ER,1000,1.7,,6,507,500,255,290,752,717
ER+ER,1000,1.7,,7,507,500,258,290,749,717
ER+ER,1000,1.7,,8,507,500,244,290,763,717
ER+ER,1000,1.7,,9,507,500,242,290,765,717
ER+ER,1000,1.8,,0,487,492,237,284,742,695
ER+ER,1000,1.8,,1,487,492,233,284,746,695
ER+ER,1000,1.8,,2,487,492,232,284,747,695
ER+ER,1000,1.8,,3,487,492,238,284,741,695
ER+ER,1000,1.8,,4,487,492,243,284,736,695
ER+ER,1000,1.8,,5,487,492,234,284,745,695
ER+ER,1000,1.8,,6,487,492,239,284,740,695
ER+ER,1000,1.8,,7,487,492,242,284,737,695
ER+ER,1000,1.8,,8,487,492,233,284,746,695
ER+ER,1000,1.8,,9,487,492,234,284,745,695
ER+ER,1000,1.9,,0,473,459,225,280,707,652
ER+ER,1000,1.9,,1,473,459,222,280,710,652
ER+ER,1000,1.9,,2,473,459,230,280,702,652
ER+ER,1000,1.9,,3,473,459,234,280,698,652
ER+ER,1000,1.9,,4,473,459,230,280,702,652
ER+ER,1000,1.9,,5,473,459,242,280,690,652
ER+ER,1000,1.9,,6,473,459,232,280,700,652
ER+ER,1000,1.9,,7,473,459,231,280,701,652
ER+ER,1000,1.9,,8,473,459,231,280,701,652
ER+ER,1000,1.9,,9,473,459,232,280,700,652
ER+ER,1000,2.0,,0,441,441,195,240,687,642
ER+ER,1000,2.0,,1,441,441,195,240,687,642
ER+ER,1000,2.0,,2,441,441,199,240,683,642
ER+ER,1000,2.0,,3,441,441,194,240,688,642
ER+ER,1000,2.0,,4,441,441,188,240,694,642
ER+ER,1000,2.0,,5,441,441,196,240,686,642
ER+ER,1000,2.0,,6,441,441,196,240,686,642
ER+ER,1000,2.0,,7,441,441,195,240,687,642
ER+ER,1000,2.0,,8,441,441,199,240,683,642
ER+ER,1000,2.0,,9,441,441,195,240,687,642
ER+ER,1000,2.1,,0,433,433,198,243,668,623
ER+ER,1000,2.1,,1,433,433,199,243,667,623
ER+ER,1000,2.1,,2,433,433,195,243,671,623
ER+ER,1000,2.1,,3,433,433,195,243,671,623
ER+ER,1000,2.1,,4,433,433,200,243,666,623
ER+ER,1000,2.1,,5,433,433,193,243,673,623
ER+ER,1000,2.1,,6,433,433,198,243,668,623
ER+ER,1000,2.1,,7,433,433,192,243,674,623
ER+ER,1000,2.1,,8,433,433,195,243,671,623
ER+ER,1000,2.1,,9,433,433,194,243,672,623
ER+ER,1000,2.2,,0,427,418,177,227,668,618
ER+ER,1000,2.2,,1,427,418,185,227,660,618
ER+ER,1000,2.2,,2,427,418,175,227,670,618
ER+ER,1000,2.2,,3,427,418,185,227,660,618
ER+ER,1000,2.2,,4,427,418,176,227,669,618
ER+ER,1000,2.2,,5,427,418,180,227,665,618
ER+ER,1000,2.2,,6,427,418,180,227,665,618
ER+ER,1000,2.2,,7,427,418,185,227,660,618
ER+ER,1000,2.2,,8,427,418,183,227,662,618
ER+ER,1000,2.2,,9,427,418,173,227,672,618
ER+ER,1000,2.3,,0,405,417,175,227,647,595
ER+ER,1000,2.3,,1,405,417,164,227,658,595
ER+ER,1000,2.3,,2,405,417,159,227,663,595
ER+ER,1000,2.3,,3,405,417,172,227,650,595
ER+ER,1000,2.3,,4,405,417,169,227,653,595
ER+ER,1000,2.3,,5,405,417,178,227,644,595
ER+ER,1000,2.3,,6,405,417,168,227,654,595
ER+ER,1000,2.3,,7,405,417,168,227,654,595
ER+ER,1000,2.3,,8,405,417,177,227,645,595
ER+ER,1000,2.3,,9,405,417,168,227,654,595
ER+ER,1000,2.4,,0,397,411,161,219,647,589
ER+ER,1000,2.4,,1,397,411,162,219,646,589
ER+ER,1000,2.4,,2,397,411,163,219,645,589
ER+ER,1000,2.4,,3,397,411,165,219,643,589
ER+ER,1000,2.4,,4,397,411,161,219,647,589
ER+ER,1000,2.4,,5,397,411,164,219,644,589
ER+ER,1000,2.4,,6,397,411,163,219,645,589
ER+ER,1000,2.4,,7,397,411,164,219,644,589
ER+ER,1000,2.4,,8,397,411,159,219,649,589
ER+ER,1000,2.4,,9,397,411,157,219,651,589
ER+ER,1000,2.5,,0,375,388,139,205,624,558
ER+ER,1000,2.5,,1,375,388,141,205,622,558
ER+ER,1000,2.5,,2,375,388,137,205,626,558
ER+ER,1000,2.5,,3,375,388,140,205,623,558
ER+ER,1000,2.5,,4,375,388,153,205,610,558
ER+ER,1000,2.5,,5,375,388,141,205,622,558
ER+ER,1000,2.5,,6,375,388,143,205,620,558
ER+ER,1000,2.5,,7,375,388,142,205,621,558
ER+ER,1000,2.5,,8,375,388,139,205,624,558
ER+ER,1000,2.5,,9,375,388,140,205,623,558
ER+ER,1000,2.6,,0,368,362,132,186,598,544
ER+ER,1000,2.6,,1,368,362,132,186,598,544
ER+ER,1000,2.6,,2,368,362,138,186,592,544
ER+ER,1000,2.6,,3,368,362,129,186,601,544
ER+ER,1000,2.6,,4,368,362,130,186,600,544
ER+ER,1000,2.6,,5,368,362,138,186,592,544
ER+ER,1000,2.6,,6,368,362,131,186,599,544
ER+ER,1000,2.6,,7,368,362,130,186,600,544
ER+ER,1000,2.6,,8,368,362,134,186,596,544
ER+ER,1000,2.6,,9,368,362,131,186,599,544
ER+ER,1000,2.7,,0,355,365,126,197,594,523
ER+ER,1000,2.7,,1,355,365,133,197,587,523
ER+ER,1000,2.7,,2,355,365,143,197,577,523
ER+ER,1000,2.7,,3,355,365,139,197,581,523
ER+ER,1000,2.7,,4,355,365,138,197,582,523
ER+ER,1000,2.7,,5,355,365,137,197,583,523
ER+ER,1000,2.7,,6,355,365,134,197,586,523
ER+ER,1000,2.7,,7,355,365,133,197,587,523
ER+ER,1000,2.7,,8,355,365,134,197,586,523
ER+ER,1000,2.7,,9,355,365,132,197,588,523
ER+ER,1000,2.8,,0,342,349,122,170,569,521
ER+ER,1000,2.8,,1,342,349,125,170,566,521
ER+ER,1000,2.8,,2,342,349,123,170,568,521
ER+ER,1000,2.8,,3,342,349,119,170,572,521
ER+ER,1000,2.8,,4,342,349,115,170,576,521
ER+ER,1000,2.8,,5,342,349,121,170,570,521
ER+ER,1000,2.8,,6,342,349,126,170,565,521
ER+ER,1000,2.8,,7,342,349,118,170,573,521
ER+ER,1000,2.8,,8,342,349,119,170,572,521
ER+ER,1000,2.8,,9,342,349,115,170,576,521
ER+ER,1000,2.9,,0,333,327,99,167,561,493
ER+ER,1000,2.9,,1,333,327,111,167,549,493
ER+ER,1000,2.9,,2,333,327,102,167,558,493
ER+ER,1000,2.9,,3,333,327,107,167,553,493
ER+ER,1000,2.9,,4,333,327,111,167,549,493
ER+ER,1000,2.9,,5,333,327,112,167,548,493
ER+ER,1000,2.9,,6,333,327,107,167,553,493
ER+ER,1000,2.9,,7,333,327,113,167,547,493
ER+ER,1000,2.9,,8,333,327,110,167,550,493
ER+ER,1000,2.9,,9,333,327,103,167,557,493
ER+ER,1000,3.0,,0,313,311,100,160,524,464
ER+ER,1000,3.0,,1,313,311,98,160,526,464
ER+ER,1000,3.0,,2,313,311,101,160,523,464
ER+ER,1000,3.0,,3,313,311,92,160,532,464
ER+ER,1000,3.0,,4,313,311,96,160,528,464
ER+ER,1000,3.0,,5,313,311,104,160,520,464
ER+ER,1000,3.0,,6,313,311,99,160,525,464
ER+ER,1000,3.0,,7,313,311,94,160,530,464
ER+ER,1000,3.0,,8,313,311,94,160,530,464
ER+ER,1000,3.0,,9,313,311,88,160,536,464
ER+ER,1000,3.1,,0,298,306,86,153,518,451
ER+ER,1000,3.1,,1,298,306,96,153,508,451
ER+ER,1000,3.1,,2,298,306,89,153,515,451
ER+ER,1000,3.1,,3,298,306,93,153,511,451
ER+ER,1000,3.1,,4,298,306,84,153,520,451
ER+ER,1000,3.1,,5,298,306,90,153,514,451
ER+ER,1000,3.1,,6,298,306,91,153,513,451
ER+ER,1000,3.1,,7,298,306,85,153,519,451
ER+ER,1000,3.1,,8,298,306,86,153,518,451
ER+ER,1000,3.1,,9,298,306,81,153,523,451
ER+ER,1000,3.2,,0,294,305,104,162,495,437
ER+ER,1000,3.2,,1,294,305,102,162,497,437
ER+ER,1000,3.2,,2,294,305,94,162,505,437
ER+ER,1000,3.2,,3,294,305,97,162,502,437
ER+ER,1000,3.2,,4,294,305,105,162,494,437
ER+ER,1000,3.2,,5,294,305,103,162,496,437
ER+ER,1000,3.2,,6,294,305,97,162,502,437
ER+ER,1000,3.2,,7,294,305,89,162,510,437
ER+ER,1000,3.2,,8,294,305,101,162,498,437
ER+ER,1000,3.2,,9,294,305,87,162,512,437
ER+ER,1000,3.3,,0,278,283,82,142,479,419
ER+ER,1000,3.3,,1,278,283,81,142,480,419
ER+ER,1000,3.3,,2,278,283,79,142,482,419
ER+ER,1000,3.3,,3,278,283,78,142,483,419
ER+ER,1000,3.3,,4,278,283,89,142,472,419
ER+ER,1000,3.3,,5,278,283,83,142,478,419
ER+ER,1000,3.3,,6,278,283,87,142,474,419
ER+ER,1000,3.3,,7,278,283,80,142,481,419
ER+ER,1000,3.3,,8,278,283,91,142,470,419
ER+ER,1000,3.3,,9,278,283,80,142,481,419
ER+ER,1000,3.4,,0,284,272,66,126,490,430
ER+ER,1000,3.4,,1,284,272,60,126,496,430
ER+ER,1000,3.4,,2,284,272,67,126,489,430
ER+ER,1000,3.4,,3,284,272,59,126,497,430
ER+ER,1000,3.4,,4,284,272,59,126,497,430
ER+ER,1000,3.4,,5,284,272,71,126,485,430
ER+ER,1000,3.4,,6,284,272,65,126,491,430
ER+ER,1000,3.4,,7,284,272,59,126,497,430
ER+ER,1000,3.4,,8,284,272,68,126,488,430
ER+ER,1000,3.4,,9,284,272,65,126,491,430
ER+ER,1000,3.5,,0,266,276,69,126,473,416
ER+ER,1000,3.5,,1,266,276,67,126,475,416
ER+ER,1000,3.5,,2,266,276,68,126,474,416
ER+ER,1000,3.5,,3,266,276,60,126,482,416
ER+ER,1000,3.5,,4,266,276,67,126,475,416
ER+ER,1000,3.5,,5,266,276,72,126,470,416
ER+ER,1000,3.5,,6,266,276,71,126,471,416
ER+ER,1000,3.5,,7,266,276,69,126,473,416
ER+ER,1000,3.5,,8,266,276,64,126,478,416
ER+ER,1000,3.5,,9,266,276,67,126,475,416
ER+ER,1000,3.6,,0,266,254,62,125,458,395
ER+ER,1000,3.6,,1,266,254,68,125,452,395
ER+ER,1000,3.6,,2,266,254,68,125,452,395
ER+ER,1000,3.6,,3,266,254,70,125,450,395
ER+ER,1000,3.6,,4,266,254,58,125,462,395
ER+ER,1000,3.6,,5,266,254,62,125,458,395
ER+ER,1000,3.6,,6,266,254,61,125,459,395
ER+ER,1000,3.6,,7,266,254,71,125,449,395
ER+ER,1000,3.6,,8,266,254,66,125,454,395
ER+ER,1000,3.6,,9,266,254,66,125,454,395
ER+ER,1000,3.7,,0,243,241,59,117,425,367
ER+ER,1000,3.7,,1,243,241,55,117,429,367
ER+ER,1000,3.7,,2,243,241,62,117,422,367
ER+ER,1000,3.7,,3,243,241,55,117,429,367
ER+ER,1000,3.7,,4,243,241,59,117,425,367
ER+ER,1000,3.7,,5,243,241,51,117,433,367
ER+ER,1000,3.7,,6,243,241,56,117,428,367
ER+ER,1000,3.7,,7,243,241,67,117,417,367
ER+ER,1000,3.7,,8,243,241,60,117,424,367
ER+ER,1000,3.7,,9,243,241,59,117,425,367
ER+ER,1000,3.8,,0,229,235,52,98,412,366
ER+ER,1000,3.8,,1,229,235,53,98,411,366
ER+ER,1000,3.8,,2,229,235,50,98,414,366
ER+ER,1000,3.8,,3,229,235,56,98,408,366
ER+ER,1000,3.8,,4,229,235,48,98,416,366
ER+ER,1000,3.8,,5,229,235,60,98,404,366
ER+ER,1000,3.8,,6,229,235,59,98,405,366
ER+ER,1000,3.8,,7,229,235,54,98,410,366
ER+ER,1000,3.8,,8,229,235,55,98,409,366
ER+ER,1000,3.8,,9,229,235,56,98,408,366
ER+ER,1000,3.9,,0,213,224,54,105,383,332
ER+ER,1000,3.9,,1,213,224,52,105,385,332
ER+ER,1000,3.9,,2,213,224,46,105,391,332
ER+ER,1000,3.9,,3,213,224,49,105,388,332
ER+ER,1000,3.9,,4,213,224,52,105,385,332
ER+ER,1000,3.9,,5,213,224,55,105,382,332
ER+ER,1000,3.9,,6,213,224,52,105,385,332
ER+ER,1000,3.9,,7,213,224,44,105,393,332
ER+ER,1000,3.9,,8,213,224,54,105,383,332
ER+ER,1000,3.9,,9,213,224,50,105,387,332
ER+ER,1000,4.0,,0,210,209,55,107,364,312
ER+ER,1000,4.0,,1,210,209,56,107,363,312
ER+ER,1000,4.0,,2,210,209,51,107,368,312
ER+ER,1000,4.0,,3,210,209,57,107,362,312
ER+ER,1000,4.0,,4,210,209,53,107,366,312
ER+ER,1000,4.0,,5,210,209,51,107,368,312
ER+ER,1000,4.0,,6,210,209,54,107,365,312
ER+ER,1000,4.0,,7,210,209,57,107,362,312
ER+ER,1000,4.0,,8,210,209,50,107,369,312
ER+ER,1000,4.0,,9,210,209,54,107,365,312
ER+ER,1000,4.1,,0,215,223,51,105,387,333
ER+ER,1000,4.1,,1,215,223,52,105,386,333
ER+ER,1000,4.1,,2,215,223,52,105,386,333
ER+ER,1000,4.1,,3,215,223,45,105,393,333
ER+ER,1000,4.1,,4,215,223,50,105,388,333
ER+ER,1000,4.1,,5,215,223,48,105,390,333
ER+ER,1000,4.1,,6,215,223,48,105,390,333
ER+ER,1000,4.1,,7,215,223,51,105,387,333
ER+ER,1000,4.1,,8,215,223,58,105,380,333
ER+ER,1000,4.1,,9,215,223,47,105,391,333
ER+ER,1000,4.2,,0,193,212,29,90,376,315
ER+ER,1000,4.2,,1,193,212,33,90,372,315
ER+ER,1000,4.2,,2,193,212,37,90,368,315
ER+ER,1000,4.2,,3,193,212,34,90,371,315
ER+ER,1000,4.2,,4,193,212,37,90,368,315
ER+ER,1000,4.2,,5,193,212,30,90,375,315
ER+ER,1000,4.2,,6,193,212,36,90,369,315
ER+ER,1000,4.2,,7,193,212,36,90,369,315
ER+ER,1000,4.2,,8,193,212,32,90,373,315
ER+ER,1000,4.2,,9,193,212,40,90,365,315
ER+ER,1000,4.3,,0,195,192,32,75,355,312
ER+ER,1000,4.3,,1,195,192,34,75,353,312
ER+ER,1000,4.3,,2,195,192,34,75,353,312
ER+ER,1000,4.3,,3,195,192,29,75,358,312
ER+ER,1000,4.3,,4,195,192,35,75,352,312
ER+ER,1000,4.3,,5,195,192,36,75,351,312
ER+ER,1000,4.3,,6,195,192,36,75,351,312
ER+ER,1000,4.3,,7,195,192,34,75,353,312
ER+ER,1000,4.3,,8,195,192,32,75,355,312
ER+ER,1000,4.3,,9,195,192,36,75,351,312
ER+ER,1000,4.4,,0,183,190,31,79,342,294
ER+ER,1000,4.4,,1,183,190,33,79,340,294
ER+ER,1000,4.4,,2,183,190,30,79,343,294
ER+ER,1000,4.4,,3,183,190,26,79,347,294
ER+ER,1000,4.4,,4,183,190,32,79,341,294
ER+ER,1000,4.4,,5,183,190,26,79,347,294
ER+ER,1000,4.4,,6,183,190,29,79,344,294
ER+ER,1000,4.4,,7,183,190,26,79,347,294
ER+ER,1000,4.4,,8,183,190,26,79,347,294
ER+ER,1000,4.4,,9,183,190,27,79,346,294
ER+ER,1000,4.5,,0,174,178,33,79,319,273
ER+ER,1000,4.5,,1,174,178,27,79,325,273
ER+ER,1000,4.5,,2,174,178,31,79,321,273
ER+ER,1000,4.5,,3,174,178,32,79,320,273
ER+ER,1000,4.5,,4,174,178,26,79,326,273
ER+ER,1000,4.5,,5,174,178,30,79,322,273
ER+ER,1000,4.5,,6,174,178,31,79,321,273
ER+ER,1000,4.5,,7,174,178,33,79,319,273
ER+ER,1000,4.5,,8,174,178,21,79,331,273
ER+ER,1000,4.5,,9,174,178,28,79,324,273
ER+ER,1000,4.6,,0,155,172,26,66,301,261
ER+ER,1000,4.6,,1,155,172,27,66,300,261
ER+ER,1000,4.6,,2,155,172,23,66,304,261
ER+ER,1000,4.6,,3,155,172,22,66,305,261
ER+ER,1000,4.6,,4,155,172,20,66,307,261
ER+ER,1000,4.6,,5,155,172,26,66,301,261
ER+ER,1000,4.6,,6,155,172,20,66,307,261
ER+ER,1000,4.6,,7,155,172,26,66,301,261
ER+ER,1000,4.6,,8,155,172,28,66,299,261
ER+ER,1000,4.6,,9,155,172,27,66,300,261
ER+ER,1000,4.7,,0,165,145,26,63,284,247
ER+ER,1000,4.7,,1,165,145,25,63,285,247
ER+ER,1000,4.7,,2,165,145,29,63,281,247
ER+ER,1000,4.7,,3,165,145,28,63,282,247
ER+ER,1000,4.7,,4,165,145,28,63,282,247
ER+ER,1000,4.7,,5,165,145,31,63,279,247
ER+ER,1000,4.7,,6,165,145,28,63,282,247
ER+ER,1000,4.7,,7,165,145,28,63,282,247
ER+ER,1000,4.7,,8,165,145,26,63,284,247
ER+ER,1000,4.7,,9,165,145,32,63,278,247
ER+ER,1000,4.8,,0,134,151,17,57,268,228
ER+ER,1000,4.8,,1,134,151,15,57,270,228
ER+ER,1000,4.8,,2,134,151,22,57,263,228
ER+ER,1000,4.8,,3,134,151,16,57,269,228
ER+ER,1000,4.8,,4,134,151,20,57,265,228
ER+ER,1000,4.8,,5,134,151,21,57,264,228
ER+ER,1000,4.8,,6,134,151,24,57,261,228
ER+ER,1000,4.8,,7,134,151,26,57,259,228
ER+ER,1000,4.8,,8,134,151,23,57,262,228
ER+ER,1000,4.8,,9,134,151,17,57,268,228
ER+ER,1000,4.9,,0,147,146,22,64,271,229
ER+ER,1000,4.9,,1,147,146,22,64,271,229
ER+ER,1000,4.9,,2,147,146,19,64,274,229
ER+ER,1000,4.9,,3,147,146,27,64,266,229
ER+ER,1000,4.9,,4,147,146,20,64,273,229
ER+ER,1000,4.9,,5,147,146,18,64,275,229
ER+ER,1000,4.9,,6,147,146,24,64,269,229
ER+ER,1000,4.9,,7,147,146,22,64,271,229
ER+ER,1000,4.9,,8,147,146,20,64,273,229
ER+ER,1000,4.9,,9,147,146,22,64,271,229
ER+ER,1000,5.0,,0,137,139,17,60,259,216
ER+ER,1000,5.0,,1,137,139,19,60,257,216
ER+ER,1000,5.0,,2,137,139,23,60,253,216
ER+ER,1000,5.0,,3,137,139,23,60,253,216
ER+ER,1000,5.0,,4,137,139,19,60,257,216
ER+ER,1000,5.0,,5,137,139,24,60,252,216
ER+ER,1000,5.0,,6,137,139,26,60,250,216
ER+ER,1000,5.0,,7,137,139,21,60,255,216
ER+ER,1000,5.0,,8,137,139,18,60,258,216
ER+ER,1000,5.0,,9,137,139,16,60,260,216
ER+ER,1000,5.1,,0,121,128,23,66,226,183
ER+ER,1000,5.1,,1,121,128,18,66,231,183
ER+ER,1000,5.1,,2,121,128,20,66,229,183
ER+ER,1000,5.1,,3,121,128,17,66,232,183
ER+ER,1000,5.1,,4,121,128,23,66,226,183
ER+ER,1000,5.1,,5,121,128,20,66,229,183
ER+ER,1000,5.1,,6,121,128,18,66,231,183
ER+ER,1000,5.1,,7,121,128,18,66,231,183
ER+ER,1000,5.1,,8,121,128,21,66,228,183
ER+ER,1000,5.1,,9,121,128,24,66,225,183
ER+ER,1000,5.2,,0,119,120,14,40,225,199
ER+ER,1000,5.2,,1,119,120,12,40,227,199
ER+ER,1000,5.2,,2,119,120,11,40,228,199
ER+ER,1000,5.2,,3,119,120,10,40,229,199
ER+ER,1000,5.2,,4,119,120,13,40,226,199
ER+ER,1000,5.2,,5,119,120,13,40,226,199
ER+ER,1000,5.2,,6,119,120,9,40,230,199
ER+ER,1000,5.2,,7,119,120,13,40,226,199
ER+ER,1000,5.2,,8,119,120,11,40,228,199
ER+ER,1000,5.2,,9,119,120,7,40,232,199
ER+ER,1000,5.3,,0,121,110,15,35,216,196
ER+ER,1000,5.3,,1,121,110,11,35,220,196
ER+ER,1000,5.3,,2,121,110,16,35,215,196
ER+ER,1000,5.3,,3,121,110,8,35,223,196
ER+ER,1000,5.3,,4,121,110,13,35,218,196
ER+ER,1000,5.3,,5,121,110,11,35,220,196
ER+ER,1000,5.3,,6,121,110,16,35,215,196
ER+ER,1000,5.3,,7,121,110,15,35,216,196
ER+ER,1000,5.3,,8,121,110,14,35,217,196
ER+ER,1000,5.3,,9,121,110,9,35,222,196
ER+ER,1000,5.4,,0,105,104,6,34,203,175
ER+ER,1000,5.4,,1,105,104,11,34,198,175
ER+ER,1000,5.4,,2,105,104,9,34,200,175
ER+ER,1000,5.4,,3,105,104,10,34,199,175
ER+ER,1000,5.4,,4,105,104,6,34,203,175
ER+ER,1000,5.4,,5,105,104,3,34,206,175
ER+ER,1000,5.4,,6,105,104,10,34,199,175
ER+ER,1000,5.4,,7,105,104,5,34,204,175
ER+ER,1000,5.4,,8,105,104,5,34,204,175
ER+ER,1000,5.4,,9,105,104,7,34,202,175
ER+ER,1000,5.5,,0,100,101,11,36,190,165
ER+ER,1000,5.5,,1,100,101,10,36,191,165
ER+ER,1000,5.5,,2,100,101,8,36,193,165
ER+ER,1000,5.5,,3,100,101,13,36,188,165
ER+ER,1000,5.5,,4,100,101,16,36,185,165
ER+ER,1000,5.5,,5,100,101,6,36,195,165
ER+ER,1000,5.5,,6,100,101,13,36,188,165
ER+ER,1000,5.5,,7,100,101,7,36,194,165
ER+ER,1000,5.5,,8,100,101,9,36,192,165
ER+ER,1000,5.5,,9,100,101,8,36,193,165
ER+ER,1000,5.6,,0,90,92,8,28,174,154
ER+ER,1000,5.6,,1,90,92,15,28,167,154
ER+ER,1000,5.6,,2,90,92,7,28,175,154
ER+ER,1000,5.6,,3,90,92,7,28,175,154
ER+ER,1000,5.6,,4,90,92,9,28,173,154
ER+ER,1000,5.6,,5,90,92,9,28,173,154
ER+ER,1000,5.6,,6,90,92,8,28,174,154
ER+ER,1000,5.6,,7,90,92,10,28,172,154
ER+ER,1000,5.6,,8,90,92,8,28,174,154
ER+ER,1000,5.6,,9,90,92,7,28,175,154
ER+ER,1000,5.7,,0,79,88,5,21,162,146
ER+ER,1000,5.7,,1,79,88,4,21,163,146
ER+ER,1000,5.7,,2,79,88,4,21,163,146
ER+ER,1000,5.7,,3,79,88,7,21,160,146
ER+ER,1000,5.7,,4,79,88,7,21,160,146
ER+ER,1000,5.7,,5,79,88,6,21,161,146
ER+ER,1000,5.7,,6,79,88,8,21,159,146
ER+ER,1000,5.7,,7,79,88,10,21,157,146
ER+ER,1000,5.7,,8,79,88,8,21,159,146
ER+ER,1000,5.7,,9,79,88,7,21,160,146
ER+ER,1000,5.8,,0,80,91,10,28,161,143
ER+ER,1000,5.8,,1,80,91,11,28,160,143
ER+ER,1000,5.8,,2,80,91,8,28,163,143
ER+ER,1000,5.8,,3,80,91,14,28,157,143
ER+ER,1000,5.8,,4,80,91,10,28,161,143
ER+ER,1000,5.8,,5,80,91,11,28,160,143
ER+ER,1000,5.8,,6,80,91,7,28,164,143
ER+ER,1000,5.8,,7,80,91,7,28,164,143
ER+ER,1000,5.8,,8,80,91,11,28,160,143
ER+ER,1000,5.8,,9,80,91,9,28,162,143
ER+ER,1000,5.9,,0,73,77,4,12,146,138
ER+ER,1000,5.9,,1,73,77,5,12,145,138
ER+ER,1000,5.9,,2,73,77,5,12,145,138
ER+ER,1000,5.9,,3,73,77,4,12,146,138
ER+ER,1000,5.9,,4,73,77,8,12,142,138
ER+ER,1000,5.9,,5,73,77,7,12,143,138
ER+ER,1000,5.9,,6,73,77,6,12,144,138
ER+ER,1000,5.9,,7,73,77,8,12,142,138
ER+ER,1000,5.9,,8,73,77,6,12,144,138
ER+ER,1000,5.9,,9,73,77,5,12,145,138
ER+ER,1000,6.0,,0,94,72,10,36,156,130
ER+ER,1000,6.0,,1,94,72,11,36,155,130
ER+ER,1000,6.0,,2,94,72,7,36,159,130
ER+ER,1000,6.0,,3,94,72,11,36,155,130
ER+ER,1000,6.0,,4,94,72,8,36,158,130
ER+ER,1000,6.0,,5,94,72,8,36,158,130
ER+ER,1000,6.0,,6,94,72,11,36,155,130
ER+ER,1000,6.0,,7,94,72,8,36,158,130
ER+ER,1000,6.0,,8,94,72,8,36,158,130
ER+ER,1000,6.0,,9,94,72,6,36,160,130
SF+SF_gamma=3.0,1000,1.0,3.0,0,705,700,503,531,902,874
SF+SF_gamma=3.0,1000,1.0,3.0,1,705,700,507,531,898,874
SF+SF_gamma=3.0,1000,1.0,3.0,2,705,700,506,531,899,874
SF+SF_gamma=3.0,1000,1.0,3.0,3,705,700,512,531,893,874
SF+SF_gamma=3.0,1000,1.0,3.0,4,705,700,501,531,904,874
SF+SF_gamma=3.0,1000,1.0,3.0,5,705,700,514,531,891,874
SF+SF_gamma=3.0,1000,1.0,3.0,6,705,700,507,531,898,874
SF+SF_gamma=3.0,1000,1.0,3.0,7,705,700,506,531,899,874
SF+SF_gamma=3.0,1000,1.0,3.0,8,705,700,505,531,900,874
SF+SF_gamma=3.0,1000,1.0,3.0,9,705,700,515,531,890,874
SF+SF_gamma=3.0,1000,1.1,3.0,0,683,670,477,503,876,850
SF+SF_gamma=3.0,1000,1.1,3.0,1,683,670,484,503,869,850
SF+SF_gamma=3.0,1000,1.1,3.0,2,683,670,472,503,881,850
SF+SF_gamma=3.0,1000,1.1,3.0,3,683,670,482,503,871,850
SF+SF_gamma=3.0,1000,1.1,3.0,4,683,670,478,503,875,850
SF+SF_gamma=3.0,1000,1.1,3.0,5,683,670,475,503,878,850
SF+SF_gamma=3.0,1000,1.1,3.0,6,683,670,477,503,876,850
SF+SF_gamma=3.0,1000,1.1,3.0,7,683,670,478,503,875,850
SF+SF_gamma=3.0,1000,1.1,3.0,8,683,670,481,503,872,850
SF+SF_gamma=3.0,1000,1.1,3.0,9,683,670,476,503,877,850
SF+SF_gamma=3.0,1000,1.2,3.0,0,655,647,439,470,863,832
SF+SF_gamma=3.0,1000,1.2,3.0,1,655,647,445,470,857,832
SF+SF_gamma=3.0,1000,1.2,3.0,2,655,647,440,470,862,832
SF+SF_gamma=3.0,1000,1.2,3.0,3,655,647,442,470,860,832
SF+SF_gamma=3.0,1000,1.2,3.0,4,655,647,447,470,855,832
SF+SF_gamma=3.0,1000,1.2,3.0,5,655,647,440,470,862,832
SF+SF_gamma=3.0,1000,1.2,3.0,6,655,647,442,470,860,832
SF+SF_gamma=3.0,1000,1.2,3.0,7,655,647,444,470,858,832
SF+SF_gamma=3.0,1000,1.2,3.0,8,655,647,441,470,861,832
SF+SF_gamma=3.0,1000,1.2,3.0,9,655,647,444,470,858,832
SF+SF_gamma=3.0,1000,1.3,3.0,0,641,633,427,459,847,815
SF+SF_gamma=3.0,1000,1.3,3.0,1,641,633,429,459,845,815
SF+SF_gamma=3.0,1000,1.3,3.0,2,641,633,426,459,848,815
SF+SF_gamma=3.0,1000,1.3,3.0,3,641,633,425,459,849,815
SF+SF_gamma=3.0,1000,1.3,3.0,4,641,633,424,459,850,815
SF+SF_gamma=3.0,1000,1.3,3.0,5,641,633,426,459,848,815
SF+SF_gamma=3.0,1000,1.3,3.0,6,641,633,429,459,845,815
SF+SF_gamma=3.0,1000,1.3,3.0,7,641,633,428,459,846,815
SF+SF_gamma=3.0,1000,1.3,3.0,8,641,633,422,459,852,815
SF+SF_gamma=3.0,1000,1.3,3.0,9,641,633,429,459,845,815
SF+SF_gamma=3.0,1000,1.4,3.0,0,631,624,434,464,821,791
SF+SF_gamma=3.0,1000,1.4,3.0,1,631,624,429,464,826,791
SF+SF_gamma=3.0,1000,1.4,3.0,2,631,624,430,464,825,791
SF+SF_gamma=3.0,1000,1.4,3.0,3,631,624,431,464,824,791
SF+SF_gamma=3.0,1000,1.4,3.0,4,631,624,428,464,827,791
SF+SF_gamma=3.0,1000,1.4,3.0,5,631,624,431,464,824,791
SF+SF_gamma=3.0,1000,1.4,3.0,6,631,624,425,464,830,791
SF+SF_gamma=3.0,1000,1.4,3.0,7,631,624,432,464,823,791
SF+SF_gamma=3.0,1000,1.4,3.0,8,631,624,431,464,824,791
SF+SF_gamma=3.0,1000,1.4,3.0,9,631,624,430,464,825,791
SF+SF_gamma=3.0,1000,1.5,3.0,0,606,601,396,438,811,769
SF+SF_gamma=3.0,1000,1.5,3.0,1,606,601,392,438,815,769
SF+SF_gamma=3.0,1000,1.5,3.0,2,606,601,391,438,816,769
SF+SF_gamma=3.0,1000,1.5,3.0,3,606,601,408,438,799,769
SF+SF_gamma=3.0,1000,1.5,3.0,4,606,601,389,438,818,769
SF+SF_gamma=3.0,1000,1.5,3.0,5,606,601,400,438,807,769
SF+SF_gamma=3.0,1000,1.5,3.0,6,606,601,401,438,806,769
SF+SF_gamma=3.0,1000,1.5,3.0,7,606,601,397,438,810,769
SF+SF_gamma=3.0,1000,1.5,3.0,8,606,601,385,438,822,769
SF+SF_gamma=3.0,1000,1.5,3.0,9,606,601,395,438,812,769
SF+SF_gamma=3.0,1000,1.6,3.0,0,586,585,367,409,804,762
SF+SF_gamma=3.0,1000,1.6,3.0,1,586,585,366,409,805,762
SF+SF_gamma=3.0,1000,1.6,3.0,2,586,585,369,409,802,762
SF+SF_gamma=3.0,1000,1.6,3.0,3,586,585,365,409,806,762
SF+SF_gamma=3.0,1000,1.6,3.0,4,586,585,361,409,810,762
SF+SF_gamma=3.0,1000,1.6,3.0,5,586,585,368,409,803,762
SF+SF_gamma=3.0,1000,1.6,3.0,6,586,585,368,409,803,762
SF+SF_gamma=3.0,1000,1.6,3.0,7,586,585,370,409,801,762
SF+SF_gamma=3.0,1000,1.6,3.0,8,586,585,367,409,804,762
SF+SF_gamma=3.0,1000,1.6,3.0,9,586,585,367,409,804,762
SF+SF_gamma=3.0,1000,1.7,3.0,0,586,588,377,408,797,766
SF+SF_gamma=3.0,1000,1.7,3.0,1,586,588,373,408,801,766
SF+SF_gamma=3.0,1000,1.7,3.0,2,586,588,377,408,797,766
SF+SF_gamma=3.0,1000,1.7,3.0,3,586,588,363,408,811,766
SF+SF_gamma=3.0,1000,1.7,3.0,4,586,588,379,408,795,766
SF+SF_gamma=3.0,1000,1.7,3.0,5,586,588,371,408,803,766
SF+SF_gamma=3.0,1000,1.7,3.0,6,586,588,374,408,800,766
SF+SF_gamma=3.0,1000,1.7,3.0,7,586,588,371,408,803,766
SF+SF_gamma=3.0,1000,1.7,3.0,8,586,588,381,408,793,766
SF+SF_gamma=3.0,1000,1.7,3.0,9,586,588,376,408,798,766
SF+SF_gamma=3.0,1000,1.8,3.0,0,559,570,343,386,786,743
SF+SF_gamma=3.0,1000,1.8,3.0,1,559,570,343,386,786,743
SF+SF_gamma=3.0,1000,1.8,3.0,2,559,570,342,386,787,743
SF+SF_gamma=3.0,1000,1.8,3.0,3,559,570,334,386,795,743
SF+SF_gamma=3.0,1000,1.8,3.0,4,559,570,348,386,781,743
SF+SF_gamma=3.0,1000,1.8,3.0,5,559,570,338,386,791,743
SF+SF_gamma=3.0,1000,1.8,3.0,6,559,570,337,386,792,743
SF+SF_gamma=3.0,1000,1.8,3.0,7,559,570,348,386,781,743
SF+SF_gamma=3.0,1000,1.8,3.0,8,559,570,337,386,792,743
SF+SF_gamma=3.0,1000,1.8,3.0,9,559,570,341,386,788,743
SF+SF_gamma=3.0,1000,1.9,3.0,0,547,537,309,365,775,719
SF+SF_gamma=3.0,1000,1.9,3.0,1,547,537,310,365,774,719
SF+SF_gamma=3.0,1000,1.9,3.0,2,547,537,309,365,775,719
SF+SF_gamma=3.0,1000,1.9,3.0,3,547,537,306,365,778,719
SF+SF_gamma=3.0,1000,1.9,3.0,4,547,537,306,365,778,719
SF+SF_gamma=3.0,1000,1.9,3.0,5,547,537,315,365,769,719
SF+SF_gamma=3.0,1000,1.9,3.0,6,547,537,316,365,768,719
SF+SF_gamma=3.0,1000,1.9,3.0,7,547,537,316,365,768,719
SF+SF_gamma=3.0,1000,1.9,3.0,8,547,537,309,365,775,719
SF+SF_gamma=3.0,1000,1.9,3.0,9,547,537,310,365,774,719
SF+SF_gamma=3.0,1000,2.0,3.0,0,544,552,337,382,759,714
SF+SF_gamma=3.0,1000,2.0,3.0,1,544,552,323,382,773,714
SF+SF_gamma=3.0,1000,2.0,3.0,2,544,552,331,382,765,714
SF+SF_gamma=3.0,1000,2.0,3.0,3,544,552,338,382,758,714
SF+SF_gamma=3.0,1000,2.0,3.0,4,544,552,327,382,769,714
SF+SF_gamma=3.0,1000,2.0,3.0,5,544,552,327,382,769,714
SF+SF_gamma=3.0,1000,2.0,3.0,6,544,552,334,382,762,714
SF+SF_gamma=3.0,1000,2.0,3.0,7,544,552,331,382,765,714
SF+SF_gamma=3.0,1000,2.0,3.0,8,544,552,328,382,768,714
SF+SF_gamma=3.0,1000,2.0,3.0,9,544,552,329,382,767,714
SF+SF_gamma=3.0,1000,2.1,3.0,0,533,511,302,359,742,685
SF+SF_gamma=3.0,1000,2.1,3.0,1,533,511,304,359,740,685
SF+SF_gamma=3.0,1000,2.1,3.0,2,533,511,298,359,746,685
SF+SF_gamma=3.0,1000,2.1,3.0,3,533,511,304,359,740,685
SF+SF_gamma=3.0,1000,2.1,3.0,4,533,511,300,359,744,685
SF+SF_gamma=3.0,1000,2.1,3.0,5,533,511,294,359,750,685
SF+SF_gamma=3.0,1000,2.1,3.0,6,533,511,303,359,741,685
SF+SF_gamma=3.0,1000,2.1,3.0,7,533,511,293,359,751,685
SF+SF_gamma=3.0,1000,2.1,3.0,8,533,511,295,359,749,685
SF+SF_gamma=3.0,1000,2.1,3.0,9,533,511,301,359,743,685
SF+SF_gamma=3.0,1000,2.2,3.0,0,504,511,278,333,737,682
SF+SF_gamma=3.0,1000,2.2,3.0,1,504,511,284,333,731,682
SF+SF_gamma=3.0,1000,2.2,3.0,2,504,511,287,333,728,682
SF+SF_gamma=3.0,1000,2.2,3.0,3,504,511,274,333,741,682
SF+SF_gamma=3.0,1000,2.2,3.0,4,504,511,280,333,735,682
SF+SF_gamma=3.0,1000,2.2,3.0,5,504,511,275,333,740,682
SF+SF_gamma=3.0,1000,2.2,3.0,6,504,511,276,333,739,682
SF+SF_gamma=3.0,1000,2.2,3.0,7,504,511,280,333,735,682
SF+SF_gamma=3.0,1000,2.2,3.0,8,504,511,284,333,731,682
SF+SF_gamma=3.0,1000,2.2,3.0,9,504,511,279,333,736,682
SF+SF_gamma=3.0,1000,2.3,3.0,0,494,489,264,322,719,661
SF+SF_gamma=3.0,1000,2.3,3.0,1,494,489,271,322,712,661
SF+SF_gamma=3.0,1000,2.3,3.0,2,494,489,268,322,715,661
SF+SF_gamma=3.0,1000,2.3,3.0,3,494,489,265,322,718,661
SF+SF_gamma=3.0,1000,2.3,3.0,4,494,489,273,322,710,661
SF+SF_gamma=3.0,1000,2.3,3.0,5,494,489,253,322,730,661
SF+SF_gamma=3.0,1000,2.3,3.0,6,494,489,271,322,712,661
SF+SF_gamma=3.0,1000,2.3,3.0,7,494,489,272,322,711,661
SF+SF_gamma=3.0,1000,2.3,3.0,8,494,489,262,322,721,661
SF+SF_gamma=3.0,1000,2.3,3.0,9,494,489,265,322,718,661
SF+SF_gamma=3.0,1000,2.4,3.0,0,483,496,257,317,722,662
SF+SF_gamma=3.0,1000,2.4,3.0,1,483,496,253,317,726,662
SF+SF_gamma=3.0,1000,2.4,3.0,2,483,496,266,317,713,662
SF+SF_gamma=3.0,1000,2.4,3.0,3,483,496,264,317,715,662
SF+SF_gamma=3.0,1000,2.4,3.0,4,483,496,262,317,717,662
SF+SF_gamma=3.0,1000,2.4,3.0,5,483,496,262,317,717,662
SF+SF_gamma=3.0,1000,2.4,3.0,6,483,496,262,317,717,662
SF+SF_gamma=3.0,1000,2.4,3.0,7,483,496,268,317,711,662
SF+SF_gamma=3.0,1000,2.4,3.0,8,483,496,266,317,713,662
SF+SF_gamma=3.0,1000,2.4,3.0,9,483,496,268,317,711,662
SF+SF_gamma=3.0,1000,2.5,3.0,0,473,470,239,290,704,653
SF+SF_gamma=3.0,1000,2.5,3.0,1,473,470,241,290,702,653
SF+SF_gamma=3.0,1000,2.5,3.0,2,473,470,245,290,698,653
SF+SF_gamma=3.0,1000,2.5,3.0,3,473,470,233,290,710,653
SF+SF_gamma=3.0,1000,2.5,3.0,4,473,470,240,290,703,653
SF+SF_gamma=3.0,1000,2.5,3.0,5,473,470,241,290,702,653
SF+SF_gamma=3.0,1000,2.5,3.0,6,473,470,238,290,705,653
SF+SF_gamma=3.0,1000,2.5,3.0,7,473,470,237,290,706,653
SF+SF_gamma=3.0,1000,2.5,3.0,8,473,470,237,290,706,653
SF+SF_gamma=3.0,1000,2.5,3.0,9,473,470,245,290,698,653
SF+SF_gamma=3.0,1000,2.6,3.0,0,462,470,246,308,686,624
SF+SF_gamma=3.0,1000,2.6,3.0,1,462,470,252,308,680,624
SF+SF_gamma=3.0,1000,2.6,3.0,2,462,470,242,308,690,624
SF+SF_gamma=3.0,1000,2.6,3.0,3,462,470,242,308,690,624
SF+SF_gamma=3.0,1000,2.6,3.0,4,462,470,244,308,688,624
SF+SF_gamma=3.0,1000,2.6,3.0,5,462,470,250,308,682,624
SF+SF_gamma=3.0,1000,2.6,3.0,6,462,470,243,308,689,624
SF+SF_gamma=3.0,1000,2.6,3.0,7,462,470,249,308,683,624
SF+SF_gamma=3.0,1000,2.6,3.0,8,462,470,253,308,679,624
SF+SF_gamma=3.0,1000,2.6,3.0,9,462,470,246,308,686,624
SF+SF_gamma=3.0,1000,2.7,3.0,0,448,444,217,290,675,602
SF+SF_gamma=3.0,1000,2.7,3.0,1,448,444,228,290,664,602
SF+SF_gamma=3.0,1000,2.7,3.0,2,448,444,224,290,668,602
SF+SF_gamma=3.0,1000,2.7,3.0,3,448,444,234,290,658,602
SF+SF_gamma=3.0,1000,2.7,3.0,4,448,444,229,290,663,602
SF+SF_gamma=3.0,1000,2.7,3.0,5,448,444,232,290,660,602
SF+SF_gamma=3.0,1000,2.7,3.0,6,448,444,214,290,678,602
SF+SF_gamma=3.0,1000,2.7,3.0,7,448,444,221,290,671,602
SF+SF_gamma=3.0,1000,2.7,3.0,8,448,444,226,290,666,602
SF+SF_gamma=3.0,1000,2.7,3.0,9,448,444,226,290,666,602
SF+SF_gamma=3.0,1000,2.8,3.0,0,435,454,222,284,667,605
SF+SF_gamma=3.0,1000,2.8,3.0,1,435,454,229,284,660,605
SF+SF_gamma=3.0,1000,2.8,3.0,2,435,454,224,284,665,605
SF+SF_gamma=3.0,1000,2.8,3.0,3,435,454,224,284,665,605
SF+SF_gamma=3.0,1000,2.8,3.0,4,435,454,229,284,660,605
SF+SF_gamma=3.0,1000,2.8,3.0,5,435,454,223,284,666,605
SF+SF_gamma=3.0,1000,2.8,3.0,6,435,454,222,284,667,605
SF+SF_gamma=3.0,1000,2.8,3.0,7,435,454,225,284,664,605
SF+SF_gamma=3.0,1000,2.8,3.0,8,435,454,229,284,660,605
SF+SF_gamma=3.0,1000,2.8,3.0,9,435,454,232,284,657,605
SF+SF_gamma=3.0,1000,2.9,3.0,0,433,429,198,276,664,586
SF+SF_gamma=3.0,1000,2.9,3.0,1,433,429,207,276,655,586
SF+SF_gamma=3.0,1000,2.9,3.0,2,433,429,205,276,657,586
SF+SF_gamma=3.0,1000,2.9,3.0,3,433,429,206,276,656,586
SF+SF_gamma=3.0,1000,2.9,3.0,4,433,429,211,276,651,586
SF+SF_gamma=3.0,1000,2.9,3.0,5,433,429,203,276,659,586
SF+SF_gamma=3.0,1000,2.9,3.0,6,433,429,216,276,646,586
SF+SF_gamma=3.0,1000,2.9,3.0,7,433,429,204,276,658,586
SF+SF_gamma=3.0,1000,2.9,3.0,8,433,429,207,276,655,586
SF+SF_gamma=3.0,1000,2.9,3.0,9,433,429,208,276,654,586
SF+SF_gamma=3.0,1000,3.0,3.0,0,437,403,219,279,621,561
SF+SF_gamma=3.0,1000,3.0,3.0,1,437,403,208,279,632,561
SF+SF_gamma=3.0,1000,3.0,3.0,2,437,403,218,279,622,561
SF+SF_gamma=3.0,1000,3.0,3.0,3,437,403,209,279,631,561
SF+SF_gamma=3.0,1000,3.0,3.0,4,437,403,214,279,626,561
SF+SF_gamma=3.0,1000,3.0,3.0,5,437,403,206,279,634,561
SF+SF_gamma=3.0,1000,3.0,3.0,6,437,403,210,279,630,561
SF+SF_gamma=3.0,1000,3.0,3.0,7,437,403,209,279,631,561
SF+SF_gamma=3.0,1000,3.0,3.0,8,437,403,220,279,620,561
SF+SF_gamma=3.0,1000,3.0,3.0,9,437,403,213,279,627,561
SF+SF_gamma=3.0,1000,3.1,3.0,0,420,403,189,255,634,568
SF+SF_gamma=3.0,1000,3.1,3.0,1,420,403,198,255,625,568
SF+SF_gamma=3.0,1000,3.1,3.0,2,420,403,194,255,629,568
SF+SF_gamma=3.0,1000,3.1,3.0,3,420,403,187,255,636,568
SF+SF_gamma=3.0,1000,3.1,3.0,4,420,403,191,255,632,568
SF+SF_gamma=3.0,1000,3.1,3.0,5,420,403,189,255,634,568
SF+SF_gamma=3.0,1000,3.1,3.0,6,420,403,200,255,623,568
SF+SF_gamma=3.0,1000,3.1,3.0,7,420,403,191,255,632,568
SF+SF_gamma=3.0,1000,3.1,3.0,8,420,403,192,255,631,568
SF+SF_gamma=3.0,1000,3.1,3.0,9,420,403,186,255,637,568
SF+SF_gamma=3.0,1000,3.2,3.0,0,406,404,184,243,626,567
SF+SF_gamma=3.0,1000,3.2,3.0,1,406,404,181,243,629,567
SF+SF_gamma=3.0,1000,3.2,3.0,2,406,404,187,243,623,567
SF+SF_gamma=3.0,1000,3.2,3.0,3,406,404,188,243,622,567
SF+SF_gamma=3.0,1000,3.2,3.0,4,406,404,177,243,633,567
SF+SF_gamma=3.0,1000,3.2,3.0,5,406,404,184,243,626,567
SF+SF_gamma=3.0,1000,3.2,3.0,6,406,404,179,243,631,567
SF+SF_gamma=3.0,1000,3.2,3.0,7,406,404,183,243,627,567
SF+SF_gamma=3.0,1000,3.2,3.0,8,406,404,171,243,639,567
SF+SF_gamma=3.0,1000,3.2,3.0,9,406,404,180,243,630,567
SF+SF_gamma=3.0,1000,3.3,3.0,0,392,398,173,244,617,546
SF+SF_gamma=3.0,1000,3.3,3.0,1,392,398,177,244,613,546
SF+SF_gamma=3.0,1000,3.3,3.0,2,392,398,175,244,615,546
SF+SF_gamma=3.0,1000,3.3,3.0,3,392,398,182,244,608,546
SF+SF_gamma=3.0,1000,3.3,3.0,4,392,398,177,244,613,546
SF+SF_gamma=3.0,1000,3.3,3.0,5,392,398,188,244,602,546
SF+SF_gamma=3.0,1000,3.3,3.0,6,392,398,173,244,617,546
SF+SF_gamma=3.0,1000,3.3,3.0,7,392,398,166,244,624,546
SF+SF_gamma=3.0,1000,3.3,3.0,8,392,398,177,244,613,546
SF+SF_gamma=3.0,1000,3.3,3.0,9,392,398,180,244,610,546
SF+SF_gamma=3.0,1000,3.4,3.0,0,374,368,155,210,587,532
SF+SF_gamma=3.0,1000,3.4,3.0,1,374,368,152,210,590,532
SF+SF_gamma=3.0,1000,3.4,3.0,2,374,368,151,210,591,532
SF+SF_gamma=3.0,1000,3.4,3.0,3,374,368,145,210,597,532
SF+SF_gamma=3.0,1000,3.4,3.0,4,374,368,152,210,590,532
SF+SF_gamma=3.0,1000,3.4,3.0,5,374,368,146,210,596,532
SF+SF_gamma=3.0,1000,3.4,3.0,6,374,368,148,210,594,532
SF+SF_gamma=3.0,1000,3.4,3.0,7,374,368,158,210,584,532
SF+SF_gamma=3.0,1000,3.4,3.0,8,374,368,149,210,593,532
SF+SF_gamma=3.0,1000,3.4,3.0,9,374,368,149,210,593,532
SF+SF_gamma=3.0,1000,3.5,3.0,0,369,377,162,226,584,520
SF+SF_gamma=3.0,1000,3.5,3.0,1,369,377,169,226,577,520
SF+SF_gamma=3.0,1000,3.5,3.0,2,369,377,174,226,572,520
SF+SF_gamma=3.0,1000,3.5,3.0,3,369,377,165,226,581,520
SF+SF_gamma=3.0,1000,3.5,3.0,4,369,377,169,226,577,520
SF+SF_gamma=3.0,1000,3.5,3.0,5,369,377,166,226,580,520
SF+SF_gamma=3.0,1000,3.5,3.0,6,369,377,162,226,584,520
SF+SF_gamma=3.0,1000,3.5,3.0,7,369,377,166,226,580,520
SF+SF_gamma=3.0,1000,3.5,3.0,8,369,377,174,226,572,520
SF+SF_gamma=3.0,1000,3.5,3.0,9,369,377,163,226,583,520
SF+SF_gamma=3.0,1000,3.6,3.0,0,368,369,155,213,582,524
SF+SF_gamma=3.0,1000,3.6,3.0,1,368,369,148,213,589,524
SF+SF_gamma=3.0,1000,3.6,3.0,2,368,369,158,213,579,524
SF+SF_gamma=3.0,1000,3.6,3.0,3,368,369,152,213,585,524
SF+SF_gamma=3.0,1000,3.6,3.0,4,368,369,153,213,584,524
SF+SF_gamma=3.0,1000,3.6,3.0,5,368,369,150,213,587,524
SF+SF_gamma=3.0,1000,3.6,3.0,6,368,369,158,213,579,524
SF+SF_gamma=3.0,1000,3.6,3.0,7,368,369,155,213,582,524
SF+SF_gamma=3.0,1000,3.6,3.0,8,368,369,147,213,590,524
SF+SF_gamma=3.0,1000,3.6,3.0,9,368,369,156,213,581,524
SF+SF_gamma=3.0,1000,3.7,3.0,0,353,367,150,230,570,490
SF+SF_gamma=3.0,1000,3.7,3.0,1,353,367,149,230,571,490
SF+SF_gamma=3.0,1000,3.7,3.0,2,353,367,155,230,565,490
SF+SF_gamma=3.0,1000,3.7,3.0,3,353,367,145,230,575,490
SF+SF_gamma=3.0,1000,3.7,3.0,4,353,367,159,230,561,490
SF+SF_gamma=3.0,1000,3.7,3.0,5,353,367,151,230,569,490
SF+SF_gamma=3.0,1000,3.7,3.0,6,353,367,150,230,570,490
SF+SF_gamma=3.0,1000,3.7,3.0,7,353,367,153,230,567,490
SF+SF_gamma=3.0,1000,3.7,3.0,8,353,367,146,230,574,490
SF+SF_gamma=3.0,1000,3.7,3.0,9,353,367,145,230,575,490
SF+SF_gamma=3.0,1000,3.8,3.0,0,358,364,141,226,581,496
SF+SF_gamma=3.0,1000,3.8,3.0,1,358,364,140,226,582,496
SF+SF_gamma=3.0,1000,3.8,3.0,2,358,364,141,226,581,496
SF+SF_gamma=3.0,1000,3.8,3.0,3,358,364,138,226,584,496
SF+SF_gamma=3.0,1000,3.8,3.0,4,358,364,141,226,581,496
SF+SF_gamma=3.0,1000,3.8,3.0,5,358,364,141,226,581,496
SF+SF_gamma=3.0,1000,3.8,3.0,6,358,364,139,226,583,496
SF+SF_gamma=3.0,1000,3.8,3.0,7,358,364,146,226,576,496
SF+SF_gamma=3.0,1000,3.8,3.0,8,358,364,142,226,580,496
SF+SF_gamma=3.0,1000,3.8,3.0,9,358,364,133,226,589,496
SF+SF_gamma=3.0,1000,3.9,3.0,0,335,333,137,203,531,465
SF+SF_gamma=3.0,1000,3.9,3.0,1,335,333,128,203,540,465
SF+SF_gamma=3.0,1000,3.9,3.0,2,335,333,141,203,527,465
SF+SF_gamma=3.0,1000,3.9,3.0,3,335,333,133,203,535,465
SF+SF_gamma=3.0,1000,3.9,3.0,4,335,333,136,203,532,465
SF+SF_gamma=3.0,1000,3.9,3.0,5,335,333,141,203,527,465
SF+SF_gamma=3.0,1000,3.9,3.0,6,335,333,136,203,532,465
SF+SF_gamma=3.0,1000,3.9,3.0,7,335,333,137,203,531,465
SF+SF_gamma=3.0,1000,3.9,3.0,8,335,333,132,203,536,465
SF+SF_gamma=3.0,1000,3.9,3.0,9,335,333,126,203,542,465
SF+SF_gamma=3.0,1000,4.0,3.0,0,351,345,132,212,564,484
SF+SF_gamma=3.0,1000,4.0,3.0,1,351,345,142,212,554,484
SF+SF_gamma=3.0,1000,4.0,3.0,2,351,345,137,212,559,484
SF+SF_gamma=3.0,1000,4.0,3.0,3,351,345,134,212,562,484
SF+SF_gamma=3.0,1000,4.0,3.0,4,351,345,150,212,546,484
SF+SF_gamma=3.0,1000,4.0,3.0,5,351,345,141,212,555,484
SF+SF_gamma=3.0,1000,4.0,3.0,6,351,345,140,212,556,484
SF+SF_gamma=3.0,1000,4.0,3.0,7,351,345,136,212,560,484
SF+SF_gamma=3.0,1000,4.0,3.0,8,351,345,137,212,559,484
SF+SF_gamma=3.0,1000,4.0,3.0,9,351,345,143,212,553,484
SF+SF_gamma=3.0,1000,4.1,3.0,0,325,319,128,202,516,442
SF+SF_gamma=3.0,1000,4.1,3.0,1,325,319,133,202,511,442
SF+SF_gamma=3.0,1000,4.1,3.0,2,325,319,125,202,519,442
SF+SF_gamma=3.0,1000,4.1,3.0,3,325,319,120,202,524,442
SF+SF_gamma=3.0,1000,4.1,3.0,4,325,319,127,202,517,442
SF+SF_gamma=3.0,1000,4.1,3.0,5,325,319,124,202,520,442
SF+SF_gamma=3.0,1000,4.1,3.0,6,325,319,127,202,517,442
SF+SF_gamma=3.0,1000,4.1,3.0,7,325,319,132,202,512,442
SF+SF_gamma=3.0,1000,4.1,3.0,8,325,319,125,202,519,442
SF+SF_gamma=3.0,1000,4.1,3.0,9,325,319,127,202,517,442
SF+SF_gamma=3.0,1000,4.2,3.0,0,315,299,102,173,512,441
SF+SF_gamma=3.0,1000,4.2,3.0,1,315,299,107,173,507,441
SF+SF_gamma=3.0,1000,4.2,3.0,2,315,299,111,173,503,441
SF+SF_gamma=3.0,1000,4.2,3.0,3,315,299,111,173,503,441
SF+SF_gamma=3.0,1000,4.2,3.0,4,315,299,109,173,505,441
SF+SF_gamma=3.0,1000,4.2,3.0,5,315,299,106,173,508,441
SF+SF_gamma=3.0,1000,4.2,3.0,6,315,299,111,173,503,441
SF+SF_gamma=3.0,1000,4.2,3.0,7,315,299,112,173,502,441
SF+SF_gamma=3.0,1000,4.2,3.0,8,315,299,110,173,504,441
SF+SF_gamma=3.0,1000,4.2,3.0,9,315,299,106,173,508,441
SF+SF_gamma=3.0,1000,4.3,3.0,0,302,305,116,186,491,421
SF+SF_gamma=3.0,1000,4.3,3.0,1,302,305,107,186,500,421
SF+SF_gamma=3.0,1000,4.3,3.0,2,302,305,114,186,493,421
SF+SF_gamma=3.0,1000,4.3,3.0,3,302,305,120,186,487,421
SF+SF_gamma=3.0,1000,4.3,3.0,4,302,305,120,186,487,421
SF+SF_gamma=3.0,1000,4.3,3.0,5,302,305,122,186,485,421
SF+SF_gamma=3.0,1000,4.3,3.0,6,302,305,112,186,495,421
SF+SF_gamma=3.0,1000,4.3,3.0,7,302,305,118,186,489,421
SF+SF_gamma=3.0,1000,4.3,3.0,8,302,305,107,186,500,421
SF+SF_gamma=3.0,1000,4.3,3.0,9,302,305,114,186,493,421
SF+SF_gamma=3.0,1000,4.4,3.0,0,307,305,106,186,506,426
SF+SF_gamma=3.0,1000,4.4,3.0,1,307,305,101,186,511,426
SF+SF_gamma=3.0,1000,4.4,3.0,2,307,305,105,186,507,426
SF+SF_gamma=3.0,1000,4.4,3.0,3,307,305,102,186,510,426
SF+SF_gamma=3.0,1000,4.4,3.0,4,307,305,111,186,501,426
SF+SF_gamma=3.0,1000,4.4,3.0,5,307,305,109,186,503,426
SF+SF_gamma=3.0,1000,4.4,3.0,6,307,305,99,186,513,426
SF+SF_gamma=3.0,1000,4.4,3.0,7,307,305,108,186,504,426
SF+SF_gamma=3.0,1000,4.4,3.0,8,307,305,97,186,515,426
SF+SF_gamma=3.0,1000,4.4,3.0,9,307,305,104,186,508,426
SF+SF_gamma=3.0,1000,4.5,3.0,0,300,280,94,163,486,417
SF+SF_gamma=3.0,1000,4.5,3.0,1,300,280,97,163,483,417
SF+SF_gamma=3.0,1000,4.5,3.0,2,300,280,95,163,485,417
SF+SF_gamma=3.0,1000,4.5,3.0,3,300,280,95,163,485,417
SF+SF_gamma=3.0,1000,4.5,3.0,4,300,280,93,163,487,417
SF+SF_gamma=3.0,1000,4.5,3.0,5,300,280,93,163,487,417
SF+SF_gamma=3.0,1000,4.5,3.0,6,300,280,97,163,483,417
SF+SF_gamma=3.0,1000,4.5,3.0,7,300,280,84,163,496,417
SF+SF_gamma=3.0,1000,4.5,3.0,8,300,280,102,163,478,417
SF+SF_gamma=3.0,1000,4.5,3.0,9,300,280,91,163,489,417
SF+SF_gamma=3.0,1000,4.6,3.0,0,295,294,104,174,485,415
SF+SF_gamma=3.0,1000,4.6,3.0,1,295,294,110,174,479,415
SF+SF_gamma=3.0,1000,4.6,3.0,2,295,294,100,174,489,415
SF+SF_gamma=3.0,1000,4.6,3.0,3,295,294,103,174,486,415
SF+SF_gamma=3.0,1000,4.6,3.0,4,295,294,96,174,493,415
SF+SF_gamma=3.0,1000,4.6,3.0,5,295,294,102,174,487,415
SF+SF_gamma=3.0,1000,4.6,3.0,6,295,294,102,174,487,415
SF+SF_gamma=3.0,1000,4.6,3.0,7,295,294,104,174,485,415
SF+SF_gamma=3.0,1000,4.6,3.0,8,295,294,106,174,483,415
SF+SF_gamma=3.0,1000,4.6,3.0,9,295,294,108,174,481,415
SF+SF_gamma=3.0,1000,4.7,3.0,0,290,268,104,166,454,392
SF+SF_gamma=3.0,1000,4.7,3.0,1,290,268,90,166,468,392
SF+SF_gamma=3.0,1000,4.7,3.0,2,290,268,94,166,464,392
SF+SF_gamma=3.0,1000,4.7,3.0,3,290,268,92,166,466,392
SF+SF_gamma=3.0,1000,4.7,3.0,4,290,268,94,166,464,392
SF+SF_gamma=3.0,1000,4.7,3.0,5,290,268,98,166,460,392
SF+SF_gamma=3.0,1000,4.7,3.0,6,290,268,94,166,464,392
SF+SF_gamma=3.0,1000,4.7,3.0,7,290,268,96,166,462,392
SF+SF_gamma=3.0,1000,4.7,3.0,8,290,268,94,166,464,392
SF+SF_gamma=3.0,1000,4.7,3.0,9,290,268,83,166,475,392
SF+SF_gamma=3.0,1000,4.8,3.0,0,278,266,94,156,450,388
SF+SF_gamma=3.0,1000,4.8,3.0,1,278,266,92,156,452,388
SF+SF_gamma=3.0,1000,4.8,3.0,2,278,266,89,156,455,388
SF+SF_gamma=3.0,1000,4.8,3.0,3,278,266,84,156,460,388
SF+SF_gamma=3.0,1000,4.8,3.0,4,278,266,92,156,452,388
SF+SF_gamma=3.0,1000,4.8,3.0,5,278,266,95,156,449,388
SF+SF_gamma=3.0,1000,4.8,3.0,6,278,266,85,156,459,388
SF+SF_gamma=3.0,1000,4.8,3.0,7,278,266,92,156,452,388
SF+SF_gamma=3.0,1000,4.8,3.0,8,278,266,96,156,448,388
SF+SF_gamma=3.0,1000,4.8,3.0,9,278,266,91,156,453,388
SF+SF_gamma=3.0,1000,4.9,3.0,0,282,248,91,149,439,381
SF+SF_gamma=3.0,1000,4.9,3.0,1,282,248,84,149,446,381
SF+SF_gamma=3.0,1000,4.9,3.0,2,282,248,82,149,448,381
SF+SF_gamma=3.0,1000,4.9,3.0,3,282,248,94,149,436,381
SF+SF_gamma=3.0,1000,4.9,3.0,4,282,248,90,149,440,381
SF+SF_gamma=3.0,1000,4.9,3.0,5,282,248,88,149,442,381
SF+SF_gamma=3.0,1000,4.9,3.0,6,282,248,84,149,446,381
SF+SF_gamma=3.0,1000,4.9,3.0,7,282,248,84,149,446,381
SF+SF_gamma=3.0,1000,4.9,3.0,8,282,248,87,149,443,381
SF+SF_gamma=3.0,1000,4.9,3.0,9,282,248,90,149,440,381
SF+SF_gamma=3.0,1000,5.0,3.0,0,275,260,80,160,455,375
SF+SF_gamma=3.0,1000,5.0,3.0,1,275,260,73,160,462,375
SF+SF_gamma=3.0,1000,5.0,3.0,2,275,260,77,160,458,375
SF+SF_gamma=3.0,1000,5.0,3.0,3,275,260,84,160,451,375
SF+SF_gamma=3.0,1000,5.0,3.0,4,275,260,84,160,451,375
SF+SF_gamma=3.0,1000,5.0,3.0,5,275,260,86,160,449,375
SF+SF_gamma=3.0,1000,5.0,3.0,6,275,260,83,160,452,375
SF+SF_gamma=3.0,1000,5.0,3.0,7,275,260,83,160,452,375
SF+SF_gamma=3.0,1000,5.0,3.0,8,275,260,84,160,451,375
SF+SF_gamma=3.0,1000,5.0,3.0,9,275,260,86,160,449,375
SF+SF_gamma=3.0,1000,5.1,3.0,0,258,256,78,150,436,364
SF+SF_gamma=3.0,1000,5.1,3.0,1,258,256,82,150,432,364
SF+SF_gamma=3.0,1000,5.1,3.0,2,258,256,72,150,442,364
SF+SF_gamma=3.0,1000,5.1,3.0,3,258,256,78,150,436,364
SF+SF_gamma=3.0,1000,5.1,3.0,4,258,256,71,150,443,364
SF+SF_gamma=3.0,1000,5.1,3.0,5,258,256,81,150,433,364
SF+SF_gamma=3.0,1000,5.1,3.0,6,258,256,81,150,433,364
SF+SF_gamma=3.0,1000,5.1,3.0,7,258,256,77,150,437,364
SF+SF_gamma=3.0,1000,5.1,3.0,8,258,256,79,150,435,364
SF+SF_gamma=3.0,1000,5.1,3.0,9,258,256,89,150,425,364
SF+SF_gamma=3.0,1000,5.2,3.0,0,245,247,76,136,416,356
SF+SF_gamma=3.0,1000,5.2,3.0,1,245,247,71,136,421,356
SF+SF_gamma=3.0,1000,5.2,3.0,2,245,247,64,136,428,356
SF+SF_gamma=3.0,1000,5.2,3.0,3,245,247,70,136,422,356
SF+SF_gamma=3.0,1000,5.2,3.0,4,245,247,77,136,415,356
SF+SF_gamma=3.0,1000,5.2,3.0,5,245,247,72,136,420,356
SF+SF_gamma=3.0,1000,5.2,3.0,6,245,247,64,136,428,356
SF+SF_gamma=3.0,1000,5.2,3.0,7,245,247,65,136,427,356
SF+SF_gamma=3.0,1000,5.2,3.0,8,245,247,75,136,417,356
SF+SF_gamma=3.0,1000,5.2,3.0,9,245,247,75,136,417,356
SF+SF_gamma=3.0,1000,5.3,3.0,0,239,240,68,156,411,323
SF+SF_gamma=3.0,1000,5.3,3.0,1,239,240,77,156,402,323
SF+SF_gamma=3.0,1000,5.3,3.0,2,239,240,67,156,412,323
SF+SF_gamma=3.0,1000,5.3,3.0,3,239,240,69,156,410,323
SF+SF_gamma=3.0,1000,5.3,3.0,4,239,240,68,156,411,323
SF+SF_gamma=3.0,1000,5.3,3.0,5,239,240,68,156,411,323
SF+SF_gamma=3.0,1000,5.3,3.0,6,239,240,70,156,409,323
SF+SF_gamma=3.0,1000,5.3,3.0,7,239,240,65,156,414,323
SF+SF_gamma=3.0,1000,5.3,3.0,8,239,240,71,156,408,323
SF+SF_gamma=3.0,1000,5.3,3.0,9,239,240,61,156,418,323
SF+SF_gamma=3.0,1000,5.4,3.0,0,244,263,83,173,424,334
SF+SF_gamma=3.0,1000,5.4,3.0,1,244,263,79,173,428,334
SF+SF_gamma=3.0,1000,5.4,3.0,2,244,263,84,173,423,334
SF+SF_gamma=3.0,1000,5.4,3.0,3,244,263,82,173,425,334
SF+SF_gamma=3.0,1000,5.4,3.0,4,244,263,100,173,407,334
SF+SF_gamma=3.0,1000,5.4,3.0,5,244,263,82,173,425,334
SF+SF_gamma=3.0,1000,5.4,3.0,6,244,263,78,173,429,334
SF+SF_gamma=3.0,1000,5.4,3.0,7,244,263,90,173,417,334
SF+SF_gamma=3.0,1000,5.4,3.0,8,244,263,80,173,427,334
SF+SF_gamma=3.0,1000,5.4,3.0,9,244,263,81,173,426,334
SF+SF_gamma=3.0,1000,5.5,3.0,0,233,215,70,141,378,307
SF+SF_gamma=3.0,1000,5.5,3.0,1,233,215,68,141,380,307
SF+SF_gamma=3.0,1000,5.5,3.0,2,233,215,62,141,386,307
SF+SF_gamma=3.0,1000,5.5,3.0,3,233,215,66,141,382,307
SF+SF_gamma=3.0,1000,5.5,3.0,4,233,215,74,141,374,307
SF+SF_gamma=3.0,1000,5.5,3.0,5,233,215,64,141,384,307
SF+SF_gamma=3.0,1000,5.5,3.0,6,233,215,54,141,394,307
SF+SF_gamma=3.0,1000,5.5,3.0,7,233,215,67,141,381,307
SF+SF_gamma=3.0,1000,5.5,3.0,8,233,215,63,141,385,307
SF+SF_gamma=3.0,1000,5.5,3.0,9,233,215,63,141,385,307
SF+SF_gamma=3.0,1000,5.6,3.0,0,218,225,66,128,377,315
SF+SF_gamma=3.0,1000,5.6,3.0,1,218,225,69,128,374,315
SF+SF_gamma=3.0,1000,5.6,3.0,2,218,225,62,128,381,315
SF+SF_gamma=3.0,1000,5.6,3.0,3,218,225,60,128,383,315
SF+SF_gamma=3.0,1000,5.6,3.0,4,218,225,65,128,378,315
SF+SF_gamma=3.0,1000,5.6,3.0,5,218,225,59,128,384,315
SF+SF_gamma=3.0,1000,5.6,3.0,6,218,225,67,128,376,315
SF+SF_gamma=3.0,1000,5.6,3.0,7,218,225,60,128,383,315
SF+SF_gamma=3.0,1000,5.6,3.0,8,218,225,61,128,382,315
SF+SF_gamma=3.0,1000,5.6,3.0,9,218,225,64,128,379,315
SF+SF_gamma=3.0,1000,5.7,3.0,0,216,222,67,122,371,316
SF+SF_gamma=3.0,1000,5.7,3.0,1,216,222,68,122,370,316
SF+SF_gamma=3.0,1000,5.7,3.0,2,216,222,61,122,377,316
SF+SF_gamma=3.0,1000,5.7,3.0,3,216,222,57,122,381,316
SF+SF_gamma=3.0,1000,5.7,3.0,4,216,222,66,122,372,316
SF+SF_gamma=3.0,1000,5.7,3.0,5,216,222,63,122,375,316
SF+SF_gamma=3.0,1000,5.7,3.0,6,216,222,59,122,379,316
SF+SF_gamma=3.0,1000,5.7,3.0,7,216,222,57,122,381,316
SF+SF_gamma=3.0,1000,5.7,3.0,8,216,222,52,122,386,316
SF+SF_gamma=3.0,1000,5.7,3.0,9,216,222,58,122,380,316
SF+SF_gamma=3.0,1000,5.8,3.0,0,218,220,55,124,383,314
SF+SF_gamma=3.0,1000,5.8,3.0,1,218,220,63,124,375,314
SF+SF_gamma=3.0,1000,5.8,3.0,2,218,220,54,124,384,314
SF+SF_gamma=3.0,1000,5.8,3.0,3,218,220,58,124,380,314
SF+SF_gamma=3.0,1000,5.8,3.0,4,218,220,66,124,372,314
SF+SF_gamma=3.0,1000,5.8,3.0,5,218,220,62,124,376,314
SF+SF_gamma=3.0,1000,5.8,3.0,6,218,220,57,124,381,314
SF+SF_gamma=3.0,1000,5.8,3.0,7,218,220,58,124,380,314
SF+SF_gamma=3.0,1000,5.8,3.0,8,218,220,59,124,379,314
SF+SF_gamma=3.0,1000,5.8,3.0,9,218,220,61,124,377,314
SF+SF_gamma=3.0,1000,5.9,3.0,0,193,208,55,123,346,278
SF+SF_gamma=3.0,1000,5.9,3.0,1,193,208,53,123,348,278
SF+SF_gamma=3.0,1000,5.9,3.0,2,193,208,52,123,349,278
SF+SF_gamma=3.0,1000,5.9,3.0,3,193,208,53,123,348,278
SF+SF_gamma=3.0,1000,5.9,3.0,4,193,208,48,123,353,278
SF+SF_gamma=3.0,1000,5.9,3.0,5,193,208,53,123,348,278
SF+SF_gamma=3.0,1000,5.9,3.0,6,193,208,49,123,352,278
SF+SF_gamma=3.0,1000,5.9,3.0,7,193,208,51,123,350,278
SF+SF_gamma=3.0,1000,5.9,3.0,8,193,208,51,123,350,278
SF+SF_gamma=3.0,1000,5.9,3.0,9,193,208,56,123,345,278
SF+SF_gamma=3.0,1000,6.0,3.0,0,198,204,41,118,361,284
SF+SF_gamma=3.0,1000,6.0,3.0,1,198,204,46,118,356,284
SF+SF_gamma=3.0,1000,6.0,3.0,2,198,204,52,118,350,284
SF+SF_gamma=3.0,1000,6.0,3.0,3,198,204,47,118,355,284
SF+SF_gamma=3.0,1000,6.0,3.0,4,198,204,49,118,353,284
SF+SF_gamma=3.0,1000,6.0,3.0,5,198,204,46,118,356,284
SF+SF_gamma=3.0,1000,6.0,3.0,6,198,204,49,118,353,284
SF+SF_gamma=3.0,1000,6.0,3.0,7,198,204,45,118,357,284
SF+SF_gamma=3.0,1000,6.0,3.0,8,198,204,46,118,356,284
SF+SF_gamma=3.0,1000,6.0,3.0,9,198,204,46,118,356,284
SF+SF_k=3.0,1000,3.0,2.0,0,716,702,564,606,854,812
SF+SF_k=3.0,1000,3.0,2.0,1,716,702,561,606,857,812
SF+SF_k=3.0,1000,3.0,2.0,2,716,702,563,606,855,812
SF+SF_k=3.0,1000,3.0,2.0,3,716,702,556,606,862,812
SF+SF_k=3.0,1000,3.0,2.0,4,716,702,560,606,858,812
SF+SF_k=3.0,1000,3.0,2.0,5,716,702,565,606,853,812
SF+SF_k=3.0,1000,3.0,2.0,6,716,702,564,606,854,812
SF+SF_k=3.0,1000,3.0,2.0,7,716,702,565,606,853,812
SF+SF_k=3.0,1000,3.0,2.0,8,716,702,551,606,867,812
SF+SF_k=3.0,1000,3.0,2.0,9,716,702,561,606,857,812
SF+SF_k=3.0,1000,3.0,2.1,0,673,678,504,555,847,796
SF+SF_k=3.0,1000,3.0,2.1,1,673,678,503,555,848,796
SF+SF_k=3.0,1000,3.0,2.1,2,673,678,501,555,850,796
SF+SF_k=3.0,1000,3.0,2.1,3,673,678,506,555,845,796
SF+SF_k=3.0,1000,3.0,2.1,4,673,678,502,555,849,796
SF+SF_k=3.0,1000,3.0,2.1,5,673,678,504,555,847,796
SF+SF_k=3.0,1000,3.0,2.1,6,673,678,505,555,846,796
SF+SF_k=3.0,1000,3.0,2.1,7,673,678,506,555,845,796
SF+SF_k=3.0,1000,3.0,2.1,8,673,678,503,555,848,796
SF+SF_k=3.0,1000,3.0,2.1,9,673,678,506,555,845,796
SF+SF_k=3.0,1000,3.0,2.2,0,612,613,426,482,799,743
SF+SF_k=3.0,1000,3.0,2.2,1,612,613,434,482,791,743
SF+SF_k=3.0,1000,3.0,2.2,2,612,613,425,482,800,743
SF+SF_k=3.0,1000,3.0,2.2,3,612,613,428,482,797,743
SF+SF_k=3.0,1000,3.0,2.2,4,612,613,424,482,801,743
SF+SF_k=3.0,1000,3.0,2.2,5,612,613,417,482,808,743
SF+SF_k=3.0,1000,3.0,2.2,6,612,613,428,482,797,743
SF+SF_k=3.0,1000,3.0,2.2,7,612,613,431,482,794,743
SF+SF_k=3.0,1000,3.0,2.2,8,612,613,428,482,797,743
SF+SF_k=3.0,1000,3.0,2.2,9,612,613,420,482,805,743
SF+SF_k=3.0,1000,3.0,2.3,0,576,570,365,423,781,723
SF+SF_k=3.0,1000,3.0,2.3,1,576,570,369,423,777,723
SF+SF_k=3.0,1000,3.0,2.3,2,576,570,370,423,776,723
SF+SF_k=3.0,1000,3.0,2.3,3,576,570,374,423,772,723
SF+SF_k=3.0,1000,3.0,2.3,4,576,570,363,423,783,723
SF+SF_k=3.0,1000,3.0,2.3,5,576,570,371,423,775,723
SF+SF_k=3.0,1000,3.0,2.3,6,576,570,371,423,775,723
SF+SF_k=3.0,1000,3.0,2.3,7,576,570,372,423,774,723
SF+SF_k=3.0,1000,3.0,2.3,8,576,570,371,423,775,723
SF+SF_k=3.0,1000,3.0,2.3,9,576,570,367,423,779,723
SF+SF_k=3.0,1000,3.0,2.4,0,554,523,339,393,738,684
SF+SF_k=3.0,1000,3.0,2.4,1,554,523,330,393,747,684
SF+SF_k=3.0,1000,3.0,2.4,2,554,523,326,393,751,684
SF+SF_k=3.0,1000,3.0,2.4,3,554,523,330,393,747,684
SF+SF_k=3.0,1000,3.0,2.4,4,554,523,341,393,736,684
SF+SF_k=3.0,1000,3.0,2.4,5,554,523,326,393,751,684
SF+SF_k=3.0,1000,3.0,2.4,6,554,523,333,393,744,684
SF+SF_k=3.0,1000,3.0,2.4,7,554,523,333,393,744,684
SF+SF_k=3.0,1000,3.0,2.4,8,554,523,334,393,743,684
SF+SF_k=3.0,1000,3.0,2.4,9,554,523,330,393,747,684
SF+SF_k=3.0,1000,3.0,2.5,0,498,496,274,342,720,652
SF+SF_k=3.0,1000,3.0,2.5,1,498,496,275,342,719,652
SF+SF_k=3.0,1000,3.0,2.5,2,498,496,279,342,715,652
SF+SF_k=3.0,1000,3.0,2.5,3,498,496,287,342,707,652
SF+SF_k=3.0,1000,3.0,2.5,4,498,496,285,342,709,652
SF+SF_k=3.0,1000,3.0,2.5,5,498,496,275,342,719,652
SF+SF_k=3.0,1000,3.0,2.5,6,498,496,281,342,713,652
SF+SF_k=3.0,1000,3.0,2.5,7,498,496,275,342,719,652
SF+SF_k=3.0,1000,3.0,2.5,8,498,496,282,342,712,652
SF+SF_k=3.0,1000,3.0,2.5,9,498,496,275,342,719,652
SF+SF_k=3.0,1000,3.0,2.6,0,495,482,268,335,709,642
SF+SF_k=3.0,1000,3.0,2.6,1,495,482,275,335,702,642
SF+SF_k=3.0,1000,3.0,2.6,2,495,482,266,335,711,642
SF+SF_k=3.0,1000,3.0,2.6,3,495,482,278,335,699,642
SF+SF_k=3.0,1000,3.0,2.6,4,495,482,270,335,707,642
SF+SF_k=3.0,1000,3.0,2.6,5,495,482,266,335,711,642
SF+SF_k=3.0,1000,3.0,2.6,6,495,482,269,335,708,642
SF+SF_k=3.0,1000,3.0,2.6,7,495,482,267,335,710,642
SF+SF_k=3.0,1000,3.0,2.6,8,495,482,273,335,704,642
SF+SF_k=3.0,1000,3.0,2.6,9,495,482,272,335,705,642
SF+SF_k=3.0,1000,3.0,2.7,0,482,469,267,317,684,634
SF+SF_k=3.0,1000,3.0,2.7,1,482,469,251,317,700,634
SF+SF_k=3.0,1000,3.0,2.7,2,482,469,255,317,696,634
SF+SF_k=3.0,1000,3.0,2.7,3,482,469,255,317,696,634
SF+SF_k=3.0,1000,3.0,2.7,4,482,469,251,317,700,634
SF+SF_k=3.0,1000,3.0,2.7,5,482,469,255,317,696,634
SF+SF_k=3.0,1000,3.0,2.7,6,482,469,249,317,702,634
SF+SF_k=3.0,1000,3.0,2.7,7,482,469,246,317,705,634
SF+SF_k=3.0,1000,3.0,2.7,8,482,469,247,317,704,634
SF+SF_k=3.0,1000,3.0,2.7,9,482,469,252,317,699,634
SF+SF_k=3.0,1000,3.0,2.8,0,455,446,229,294,672,607
SF+SF_k=3.0,1000,3.0,2.8,1,455,446,225,294,676,607
SF+SF_k=3.0,1000,3.0,2.8,2,455,446,225,294,676,607
SF+SF_k=3.0,1000,3.0,2.8,3,455,446,231,294,670,607
SF+SF_k=3.0,1000,3.0,2.8,4,455,446,232,294,669,607
SF+SF_k=3.0,1000,3.0,2.8,5,455,446,231,294,670,607
SF+SF_k=3.0,1000,3.0,2.8,6,455,446,226,294,675,607
SF+SF_k=3.0,1000,3.0,2.8,7,455,446,228,294,673,607
SF+SF_k=3.0,1000,3.0,2.8,8,455,446,233,294,668,607
SF+SF_k=3.0,1000,3.0,2.8,9,455,446,229,294,672,607
SF+SF_k=3.0,1000,3.0,2.9,0,435,437,219,290,653,582
SF+SF_k=3.0,1000,3.0,2.9,1,435,437,229,290,643,582
SF+SF_k=3.0,1000,3.0,2.9,2,435,437,214,290,658,582
SF+SF_k=3.0,1000,3.0,2.9,3,435,437,211,290,661,582
SF+SF_k=3.0,1000,3.0,2.9,4,435,437,215,290,657,582
SF+SF_k=3.0,1000,3.0,2.9,5,435,437,217,290,655,582
SF+SF_k=3.0,1000,3.0,2.9,6,435,437,223,290,649,582
SF+SF_k=3.0,1000,3.0,2.9,7,435,437,216,290,656,582
SF+SF_k=3.0,1000,3.0,2.9,8,435,437,212,290,660,582
SF+SF_k=3.0,1000,3.0,2.9,9,435,437,221,290,651,582
SF+SF_k=3.0,1000,3.0,3.0,0,437,403,214,279,626,561
SF+SF_k=3.0,1000,3.0,3.0,1,437,403,219,279,621,561
SF+SF_k=3.0,1000,3.0,3.0,2,437,403,207,279,633,561
SF+SF_k=3.0,1000,3.0,3.0,3,437,403,223,279,617,561
SF+SF_k=3.0,1000,3.0,3.0,4,437,403,222,279,618,561
SF+SF_k=3.0,1000,3.0,3.0,5,437,403,212,279,628,561
SF+SF_k=3.0,1000,3.0,3.0,6,437,403,218,279,622,561
SF+SF_k=3.0,1000,3.0,3.0,7,437,403,215,279,625,561
SF+SF_k=3.0,1000,3.0,3.0,8,437,403,219,279,621,561
SF+SF_k=3.0,1000,3.0,3.0,9,437,403,213,279,627,561
SF+SF_k=3.0,1000,3.0,3.1,0,398,392,173,247,617,543
SF+SF_k=3.0,1000,3.0,3.1,1,398,392,185,247,605,543
SF+SF_k=3.0,1000,3.0,3.1,2,398,392,187,247,603,543
SF+SF_k=3.0,1000,3.0,3.1,3,398,392,189,247,601,543
SF+SF_k=3.0,1000,3.0,3.1,4,398,392,183,247,607,543
SF+SF_k=3.0,1000,3.0,3.1,5,398,392,187,247,603,543
SF+SF_k=3.0,1000,3.0,3.1,6,398,392,179,247,611,543
SF+SF_k=3.0,1000,3.0,3.1,7,398,392,192,247,598,543
SF+SF_k=3.0,1000,3.0,3.1,8,398,392,178,247,612,543
SF+SF_k=3.0,1000,3.0,3.1,9,398,392,175,247,615,543
SF+SF_k=3.0,1000,3.0,3.2,0,397,391,175,244,613,544
SF+SF_k=3.0,1000,3.0,3.2,1,397,391,167,244,621,544
SF+SF_k=3.0,1000,3.0,3.2,2,397,391,174,244,614,544
SF+SF_k=3.0,1000,3.0,3.2,3,397,391,174,244,614,544
SF+SF_k=3.0,1000,3.0,3.2,4,397,391,173,244,615,544
SF+SF_k=3.0,1000,3.0,3.2,5,397,391,180,244,608,544
SF+SF_k=3.0,1000,3.0,3.2,6,397,391,173,244,615,544
SF+SF_k=3.0,1000,3.0,3.2,7,397,391,179,244,609,544
SF+SF_k=3.0,1000,3.0,3.2,8,397,391,177,244,611,544
SF+SF_k=3.0,1000,3.0,3.2,9,397,391,172,244,616,544
SF+SF_k=3.0,1000,3.0,3.3,0,398,384,180,243,602,539
SF+SF_k=3.0,1000,3.0,3.3,1,398,384,183,243,599,539
SF+SF_k=3.0,1000,3.0,3.3,2,398,384,181,243,601,539
SF+SF_k=3.0,1000,3.0,3.3,3,398,384,180,243,602,539
SF+SF_k=3.0,1000,3.0,3.3,4,398,384,183,243,599,539
SF+SF_k=3.0,1000,3.0,3.3,5,398,384,177,243,605,539
SF+SF_k=3.0,1000,3.0,3.3,6,398,384,190,243,592,539
SF+SF_k=3.0,1000,3.0,3.3,7,398,384,183,243,599,539
SF+SF_k=3.0,1000,3.0,3.3,8,398,384,176,243,606,539
SF+SF_k=3.0,1000,3.0,3.3,9,398,384,176,243,606,539
SF+SF_k=3.0,1000,3.0,3.4,0,395,391,175,237,611,549
SF+SF_k=3.0,1000,3.0,3.4,1,395,391,165,237,621,549
SF+SF_k=3.0,1000,3.0,3.4,2,395,391,166,237,620,549
SF+SF_k=3.0,1000,3.0,3.4,3,395,391,173,237,613,549
SF+SF_k=3.0,1000,3.0,3.4,4,395,391,171,237,615,549
SF+SF_k=3.0,1000,3.0,3.4,5,395,391,175,237,611,549
SF+SF_k=3.0,1000,3.0,3.4,6,395,391,177,237,609,549
SF+SF_k=3.0,1000,3.0,3.4,7,395,391,172,237,614,549
SF+SF_k=3.0,1000,3.0,3.4,8,395,391,176,237,610,549
SF+SF_k=3.0,1000,3.0,3.4,9,395,391,167,237,619,549
SF+SF_k=3.0,1000,3.0,3.5,0,369,385,142,218,612,536
SF+SF_k=3.0,1000,3.0,3.5,1,369,385,153,218,601,536
SF+SF_k=3.0,1000,3.0,3.5,2,369,385,156,218,598,536
SF+SF_k=3.0,1000,3.0,3.5,3,369,385,161,218,593,536
SF+SF_k=3.0,1000,3.0,3.5,4,369,385,158,218,596,536
SF+SF_k=3.0,1000,3.0,3.5,5,369,385,147,218,607,536
SF+SF_k=3.0,1000,3.0,3.5,6,369,385,145,218,609,536
SF+SF_k=3.0,1000,3.0,3.5,7,369,385,161,218,593,536
SF+SF_k=3.0,1000,3.0,3.5,8,369,385,154,218,600,536
SF+SF_k=3.0,1000,3.0,3.5,9,369,385,149,218,605,536
SF+SF_k=3.0,1000,3.0,3.6,0,374,356,148,211,582,519
SF+SF_k=3.0,1000,3.0,3.6,1,374,356,152,211,578,519
SF+SF_k=3.0,1000,3.0,3.6,2,374,356,147,211,583,519
SF+SF_k=3.0,1000,3.0,3.6,3,374,356,142,211,588,519
SF+SF_k=3.0,1000,3.0,3.6,4,374,356,141,211,589,519
SF+SF_k=3.0,1000,3.0,3.6,5,374,356,140,211,590,519
SF+SF_k=3.0,1000,3.0,3.6,6,374,356,146,211,584,519
SF+SF_k=3.0,1000,3.0,3.6,7,374,356,151,211,579,519
SF+SF_k=3.0,1000,3.0,3.6,8,374,356,151,211,579,519
SF+SF_k=3.0,1000,3.0,3.6,9,374,356,152,211,578,519
SF+SF_k=3.0,1000,3.0,3.7,0,379,370,158,222,591,527
SF+SF_k=3.0,1000,3.0,3.7,1,379,370,143,222,606,527
SF+SF_k=3.0,1000,3.0,3.7,2,379,370,157,222,592,527
SF+SF_k=3.0,1000,3.0,3.7,3,379,370,150,222,599,527
SF+SF_k=3.0,1000,3.0,3.7,4,379,370,154,222,595,527
SF+SF_k=3.0,1000,3.0,3.7,5,379,370,147,222,602,527
SF+SF_k=3.0,1000,3.0,3.7,6,379,370,151,222,598,527
SF+SF_k=3.0,1000,3.0,3.7,7,379,370,160,222,589,527
SF+SF_k=3.0,1000,3.0,3.7,8,379,370,148,222,601,527
SF+SF_k=3.0,1000,3.0,3.7,9,379,370,156,222,593,527
SF+SF_k=3.0,1000,3.0,3.8,0,363,364,143,211,584,516
SF+SF_k=3.0,1000,3.0,3.8,1,363,364,145,211,582,516
SF+SF_k=3.0,1000,3.0,3.8,2,363,364,142,211,585,516
SF+SF_k=3.0,1000,3.0,3.8,3,363,364,150,211,577,516
SF+SF_k=3.0,1000,3.0,3.8,4,363,364,144,211,583,516
SF+SF_k=3.0,1000,3.0,3.8,5,363,364,157,211,570,516
SF+SF_k=3.0,1000,3.0,3.8,6,363,364,143,211,584,516
SF+SF_k=3.0,1000,3.0,3.8,7,363,364,152,211,575,516
SF+SF_k=3.0,1000,3.0,3.8,8,363,364,142,211,585,516
SF+SF_k=3.0,1000,3.0,3.8,9,363,364,142,211,585,516
SF+SF_k=3.0,1000,3.0,3.9,0,351,362,136,196,577,517
SF+SF_k=3.0,1000,3.0,3.9,1,351,362,132,196,581,517
SF+SF_k=3.0,1000,3.0,3.9,2,351,362,132,196,581,517
SF+SF_k=3.0,1000,3.0,3.9,3,351,362,139,196,574,517
SF+SF_k=3.0,1000,3.0,3.9,4,351,362,134,196,579,517
SF+SF_k=3.0,1000,3.0,3.9,5,351,362,140,196,573,517
SF+SF_k=3.0,1000,3.0,3.9,6,351,362,127,196,586,517
SF+SF_k=3.0,1000,3.0,3.9,7,351,362,124,196,589,517
SF+SF_k=3.0,1000,3.0,3.9,8,351,362,126,196,587,517
SF+SF_k=3.0,1000,3.0,3.9,9,351,362,126,196,587,517
SF+SF_k=3.0,1000,3.0,4.0,0,354,358,124,189,588,523
SF+SF_k=3.0,1000,3.0,4.0,1,354,358,128,189,584,523
SF+SF_k=3.0,1000,3.0,4.0,2,354,358,119,189,593,523
SF+SF_k=3.0,1000,3.0,4.0,3,354,358,124,189,588,523
SF+SF_k=3.0,1000,3.0,4.0,4,354,358,126,189,586,523
SF+SF_k=3.0,1000,3.0,4.0,5,354,358,132,189,580,523
SF+SF_k=3.0,1000,3.0,4.0,6,354,358,123,189,589,523
SF+SF_k=3.0,1000,3.0,4.0,7,354,358,130,189,582,523
SF+SF_k=3.0,1000,3.0,4.0,8,354,358,121,189,591,523
SF+SF_k=3.0,1000,3.0,4.0,9,354,358,123,189,589,523
SF+SF_k=3.0,1000,3.0,4.1,0,360,351,137,197,574,514
SF+SF_k=3.0,1000,3.0,4.1,1,360,351,142,197,569,514
SF+SF_k=3.0,1000,3.0,4.1,2,360,351,139,197,572,514
SF+SF_k=3.0,1000,3.0,4.1,3,360,351,130,197,581,514
SF+SF_k=3.0,1000,3.0,4.1,4,360,351,129,197,582,514
SF+SF_k=3.0,1000,3.0,4.1,5,360,351,124,197,587,514
SF+SF_k=3.0,1000,3.0,4.1,6,360,351,133,197,578,514
SF+SF_k=3.0,1000,3.0,4.1,7,360,351,133,197,578,514
SF+SF_k=3.0,1000,3.0,4.1,8,360,351,128,197,583,514
SF+SF_k=3.0,1000,3.0,4.1,9,360,351,137,197,574,514
SF+SF_k=3.0,1000,3.0,4.2,0,354,367,137,201,584,520
SF+SF_k=3.0,1000,3.0,4.2,1,354,367,139,201,582,520
SF+SF_k=3.0,1000,3.0,4.2,2,354,367,137,201,584,520
SF+SF_k=3.0,1000,3.0,4.2,3,354,367,140,201,581,520
SF+SF_k=3.0,1000,3.0,4.2,4,354,367,138,201,583,520
SF+SF_k=3.0,1000,3.0,4.2,5,354,367,132,201,589,520
SF+SF_k=3.0,1000,3.0,4.2,6,354,367,138,201,583,520
SF+SF_k=3.0,1000,3.0,4.2,7,354,367,142,201,579,520
SF+SF_k=3.0,1000,3.0,4.2,8,354,367,139,201,582,520
SF+SF_k=3.0,1000,3.0,4.2,9,354,367,136,201,585,520
SF+SF_k=3.0,1000,3.0,4.3,0,354,356,127,197,583,513
SF+SF_k=3.0,1000,3.0,4.3,1,354,356,126,197,584,513
SF+SF_k=3.0,1000,3.0,4.3,2,354,356,135,197,575,513
SF+SF_k=3.0,1000,3.0,4.3,3,354,356,131,197,579,513
SF+SF_k=3.0,1000,3.0,4.3,4,354,356,132,197,578,513
SF+SF_k=3.0,1000,3.0,4.3,5,354,356,133,197,577,513
SF+SF_k=3.0,1000,3.0,4.3,6,354,356,132,197,578,513
SF+SF_k=3.0,1000,3.0,4.3,7,354,356,128,197,582,513
SF+SF_k=3.0,1000,3.0,4.3,8,354,356,129,197,581,513
SF+SF_k=3.0,1000,3.0,4.3,9,354,356,131,197,579,513
SF+SF_k=3.0,1000,3.0,4.4,0,346,356,118,182,584,520
SF+SF_k=3.0,1000,3.0,4.4,1,346,356,122,182,580,520
SF+SF_k=3.0,1000,3.0,4.4,2,346,356,117,182,585,520
SF+SF_k=3.0,1000,3.0,4.4,3,346,356,116,182,586,520
SF+SF_k=3.0,1000,3.0,4.4,4,346,356,113,182,589,520
SF+SF_k=3.0,1000,3.0,4.4,5,346,356,126,182,576,520
SF+SF_k=3.0,1000,3.0,4.4,6,346,356,119,182,583,520
SF+SF_k=3.0,1000,3.0,4.4,7,346,356,123,182,579,520
SF+SF_k=3.0,1000,3.0,4.4,8,346,356,113,182,589,520
SF+SF_k=3.0,1000,3.0,4.4,9,346,356,111,182,591,520
SF+SF_k=3.0,1000,3.0,4.5,0,353,343,126,181,570,515
SF+SF_k=3.0,1000,3.0,4.5,1,353,343,138,181,558,515
SF+SF_k=3.0,1000,3.0,4.5,2,353,343,130,181,566,515
SF+SF_k=3.0,1000,3.0,4.5,3,353,343,120,181,576,515
SF+SF_k=3.0,1000,3.0,4.5,4,353,343,124,181,572,515
SF+SF_k=3.0,1000,3.0,4.5,5,353,343,131,181,565,515
SF+SF_k=3.0,1000,3.0,4.5,6,353,343,122,181,574,515
SF+SF_k=3.0,1000,3.0,4.5,7,353,343,130,181,566,515
SF+SF_k=3.0,1000,3.0,4.5,8,353,343,130,181,566,515
SF+SF_k=3.0,1000,3.0,4.5,9,353,343,125,181,571,515
SF+SF_k=3.0,1000,3.0,4.6,0,350,336,125,186,561,500
SF+SF_k=3.0,1000,3.0,4.6,1,350,336,129,186,557,500
SF+SF_k=3.0,1000,3.0,4.6,2,350,336,130,186,556,500
SF+SF_k=3.0,1000,3.0,4.6,3,350,336,128,186,558,500
SF+SF_k=3.0,1000,3.0,4.6,4,350,336,131,186,555,500
SF+SF_k=3.0,1000,3.0,4.6,5,350,336,122,186,564,500
SF+SF_k=3.0,1000,3.0,4.6,6,350,336,126,186,560,500
SF+SF_k=3.0,1000,3.0,4.6,7,350,336,133,186,553,500
SF+SF_k=3.0,1000,3.0,4.6,8,350,336,133,186,553,500
SF+SF_k=3.0,1000,3.0,4.6,9,350,336,131,186,555,500
SF+SF_k=3.0,1000,3.0,4.7,0,357,335,136,195,556,497
SF+SF_k=3.0,1000,3.0,4.7,1,357,335,131,195,561,497
SF+SF_k=3.0,1000,3.0,4.7,2,357,335,133,195,559,497
SF+SF_k=3.0,1000,3.0,4.7,3,357,335,136,195,556,497
SF+SF_k=3.0,1000,3.0,4.7,4,357,335,136,195,556,497
SF+SF_k=3.0,1000,3.0,4.7,5,357,335,134,195,558,497
SF+SF_k=3.0,1000,3.0,4.7,6,357,335,138,195,554,497
SF+SF_k=3.0,1000,3.0,4.7,7,357,335,122,195,570,497
SF+SF_k=3.0,1000,3.0,4.7,8,357,335,133,195,559,497
SF+SF_k=3.0,1000,3.0,4.7,9,357,335,121,195,571,497
SF+SF_k=3.0,1000,3.0,4.8,0,332,355,124,187,563,500
SF+SF_k=3.0,1000,3.0,4.8,1,332,355,133,187,554,500
SF+SF_k=3.0,1000,3.0,4.8,2,332,355,121,187,566,500
SF+SF_k=3.0,1000,3.0,4.8,3,332,355,123,187,564,500
SF+SF_k=3.0,1000,3.0,4.8,4,332,355,134,187,553,500
SF+SF_k=3.0,1000,3.0,4.8,5,332,355,122,187,565,500
SF+SF_k=3.0,1000,3.0,4.8,6,332,355,129,187,558,500
SF+SF_k=3.0,1000,3.0,4.8,7,332,355,128,187,559,500
SF+SF_k=3.0,1000,3.0,4.8,8,332,355,128,187,559,500
SF+SF_k=3.0,1000,3.0,4.8,9,332,355,121,187,566,500
SF+SF_k=3.0,1000,3.0,4.9,0,342,345,117,179,570,508
SF+SF_k=3.0,1000,3.0,4.9,1,342,345,117,179,570,508
SF+SF_k=3.0,1000,3.0,4.9,2,342,345,114,179,573,508
SF+SF_k=3.0,1000,3.0,4.9,3,342,345,119,179,568,508
SF+SF_k=3.0,1000,3.0,4.9,4,342,345,124,179,563,508
SF+SF_k=3.0,1000,3.0,4.9,5,342,345,122,179,565,508
SF+SF_k=3.0,1000,3.0,4.9,6,342,345,129,179,558,508
SF+SF_k=3.0,1000,3.0,4.9,7,342,345,111,179,576,508
SF+SF_k=3.0,1000,3.0,4.9,8,342,345,121,179,566,508
SF+SF_k=3.0,1000,3.0,4.9,9,342,345,127,179,560,508
SF+SF_k=3.0,1000,3.0,5.0,0,339,343,125,186,557,496
SF+SF_k=3.0,1000,3.0,5.0,1,339,343,125,186,557,496
SF+SF_k=3.0,1000,3.0,5.0,2,339,343,123,186,559,496
SF+SF_k=3.0,1000,3.0,5.0,3,339,343,120,186,562,496
SF+SF_k=3.0,1000,3.0,5.0,4,339,343,117,186,565,496
SF+SF_k=3.0,1000,3.0,5.0,5,339,343,113,186,569,496
SF+SF_k=3.0,1000,3.0,5.0,6,339,343,118,186,564,496
SF+SF_k=3.0,1000,3.0,5.0,7,339,343,126,186,556,496
SF+SF_k=3.0,1000,3.0,5.0,8,339,343,120,186,562,496
SF+SF_k=3.0,1000,3.0,5.0,9,339,343,119,186,563,496
